Player,Year,Draft pick,Height (No Shoes),Height (With Shoes),Wingspan,Standing reach,Vertical (Max),Vertical (No Step Reach),Weight,Body Fat,Hand (Length),Hand (Width),Bench,Agility,Sprint
Jianlian Yi,2007,NA,NA,NA,NA,NA,NA,NA,-,NA,NA,NA,NA,NA,NA
Andris Biedrins,2004,11,NA,NA,NA,NA,NA,NA,-,9.3,NA,NA,NA,NA,NA
Blake Stepp,2004,58,NA,NA,NA,NA,NA,NA,-,8,NA,NA,NA,NA,NA
Dee Brown,2005,NA,71,72,74,94,NA,NA,179,NA,NA,NA,NA,NA,NA
Dijon Thompson,2005,54,78.25,80,81.75,105.5,NA,NA,195.8,NA,NA,NA,NA,NA,NA
Roger Powell,2005,NA,76.75,78,83.5,104,NA,NA,218.6,NA,NA,NA,NA,NA,NA
Peter Fehse,2002,48,82,NA,84.5,109,NA,NA,220,NA,NA,NA,NA,NA,NA
Ceedric Goodwyn,2000,NA,78,,82,104.5,NA,NA,238,NA,NA,NA,NA,NA,NA
Chris Massie,2002,NA,78.25,,84,107,NA,NA,248,NA,NA,NA,NA,NA,NA
Jason Maxiell,2005,26,77,78.25,87.25,107,NA,NA,257.6,NA,NA,NA,NA,NA,NA
Kevin Pittsnogle,2005,NA,81.25,82.25,82.5,106,NA,NA,259.2,NA,NA,NA,NA,NA,NA
Charles Hathaway,2001,NA,80,,86,107.5,NA,NA,274,NA,NA,NA,NA,NA,NA
Markelle Fultz,2017,1,,,,,NA,NA,-,NA,NA,NA,NA,NA,NA
John Riek,2008,NA,82.5,84,92.75,NA,NA,NA,237,11,NA,NA,NA,NA,NA
Sergei Lishouk,2004,49,82.25,83.5,84,109.5,NA,NA,244,10.5,NA,NA,NA,NA,NA
Richard Roby,2008,NA,76.25,77.5,81.75,104,NA,NA,203,9.2,NA,NA,NA,NA,NA
Herve Lamizana,2004,NA,79.5,80.5,85.5,107,NA,NA,210,6.7,NA,NA,NA,NA,NA
Andre Emmett,2004,35,75.5,76.5,81,100,NA,NA,216,6.7,NA,NA,NA,NA,NA
LeBron James,2003,1,79.25,NA,84.25,106.25,NA,NA,245,6.7,NA,NA,NA,NA,NA
Hasheem Thabeet,2009,2,85.25,86.5,90.25,113,NA,NA,267.2,6.7,NA,NA,NA,NA,NA
DeMarre Carroll,2009,27,78.25,79.75,82,105,NA,NA,207.2,6.3,NA,NA,NA,NA,NA
Tim Pickett,2004,44,75,76.25,79.5,100.5,NA,NA,207,6,NA,NA,NA,NA,NA
Dexter Pittman,2010,32,81.5,83.5,90,111,NA,NA,302.6,20.8,10.25,10.5,NA,NA,NA
Isaac Haas,2018,NA,85.25,86.75,89,111.5,NA,NA,303,12.55,10,10.5,NA,NA,NA
Jaren Jackson,2018,NA,81.75,83.25,89.25,110,NA,NA,236,7.2,10,10,NA,NA,NA
Mohamed Bamba,2018,NA,83.25,84.75,94,115.5,NA,NA,225.6,6.2,9.75,10.25,NA,NA,NA
Caleb Swanigan,2017,26,79.5,80.5,87,108,NA,NA,245.6,NA,9.5,10.25,NA,NA,NA
OG Anunoby,2017,23,78.25,79.75,86.25,107.5,NA,NA,232.4,6.8,9.25,9.5,NA,NA,NA
D.J. Wilson,2017,17,80.75,82.5,87,109.5,NA,NA,234.4,6.4,9.25,10.25,NA,NA,NA
Chris Boucher,2017,NA,80,81.5,88,110.5,NA,NA,182.2,5.4,9.25,10.5,NA,NA,NA
Johnathan Motley,2017,NA,79.75,80.75,88,108,NA,NA,238.2,NA,9,9.5,NA,NA,NA
Justin Jackson,2018,43,78,78.75,87,105,NA,NA,229.4,8.9,9,9.5,NA,NA,NA
Jerome Jordan,2010,44,83.5,84.75,89.25,113,NA,NA,244.2,6.9,9,10.25,NA,NA,NA
Jerome Robinson,2018,13,76,77,79.25,98,NA,NA,188.4,6.05,9,10,NA,NA,NA
Miles Bridges,2018,12,77.25,78.75,81.5,103.5,NA,NA,220.4,5.9,9,9.75,NA,NA,NA
Shai Gilgeous-Alexander,2018,11,76.5,78,83.5,104,NA,NA,180,3,9,9,NA,NA,NA
Zach Collins,2017,10,82.25,84,85,111,NA,NA,232.2,8.9,8.75,9.25,NA,NA,NA
Alec Peters,2017,54,79.25,80.75,82.75,105,NA,NA,232,8.8,8.75,10,NA,NA,NA
Michael Porter,2018,NA,81.5,82.75,84.25,108.5,NA,NA,211,6.4,8.75,9.25,NA,NA,NA
Kevin Knox,2018,9,79.75,81,83.75,108,NA,NA,212.6,4.95,8.75,9.25,NA,NA,NA
Wendell Carter,2018,NA,80.75,82,88.5,109,NA,NA,251.4,7.85,8.5,9,NA,NA,NA
Keenan Evans,2018,NA,73.5,75,77.25,98,NA,NA,183.2,6.5,8.5,8,NA,NA,NA
De?Aaron Fox,2017,5,74,75.25,78.5,100,NA,NA,169.6,4.5,8.5,8.5,NA,NA,NA
Kyrie Irving,2011,1,73.75,75.5,76,99,NA,NA,191,10.2,8.25,9.25,NA,NA,NA
Edmond Sumner,2017,52,76,77.75,81,102.5,NA,NA,176.4,8.3,8.25,9,NA,NA,NA
Collin Sexton,2018,8,72.5,73.5,79.25,98.5,NA,NA,183,5.6,8.25,8.5,NA,NA,NA
Luke Kennard,2017,12,76.5,77.5,77.25,98.5,NA,NA,196.2,6.6,8,8.75,NA,NA,NA
Trae Young,2018,5,72.5,73.75,75,95.5,NA,NA,177.8,5.35,8,9.25,NA,NA,NA
Greivis Vasquez,2010,28,77,78.5,79,101,NA,NA,210.8,8.6,7.75,9.25,NA,NA,NA
Jon Scheyer,2010,NA,76.75,78,75.25,99,NA,NA,180,5.4,7.75,9.5,NA,NA,NA
Sam Hoskin,2003,NA,79.25,,82.75,107.5,NA,NA,261,NA,NA,NA,24,NA,NA
Justin Doellman,2007,NA,80,81.5,80.75,105,NA,NA,205,7,NA,NA,19,NA,NA
David Lucas,2005,NA,78.5,79.75,84,103.5,NA,NA,233.4,NA,NA,NA,17,NA,NA
Jared Homan,2005,NA,79.75,80.75,85.25,104.5,NA,NA,248.2,NA,NA,NA,16,NA,NA
John Edwards,2004,NA,83.25,85,88.5,113,NA,NA,264,14.1,NA,NA,15,NA,NA
Jamar Butler,2008,NA,72.25,73.5,76.75,97,NA,NA,182,6,NA,NA,15,NA,NA
Longar Longar,2008,NA,81,82,85.25,109.5,NA,NA,212.5,10.6,NA,NA,14,NA,NA
Mario Kasun,2002,40,83.75,NA,83.5,109,NA,NA,260,NA,NA,NA,12,NA,NA
Chris Marcus,2003,NA,84,,92,114,NA,NA,334,23.1,NA,NA,12,NA,NA
Steve Logan,2002,29,70,NA,71.75,92.5,NA,NA,207,NA,NA,NA,11,NA,NA
Thomas Welsh,2017,NA,83.5,84.5,84,109.5,NA,NA,254,10.9,9,10.5,11,NA,NA
Manny Harris,2010,NA,76,77.5,79.25,102,NA,NA,185.1,3.8,8.5,9,11,NA,NA
Chris Owens,2002,47,79,NA,83.5,104,NA,NA,237,NA,NA,NA,10,NA,NA
J.R. Giddens,2008,30,76,76.75,83.25,103,NA,NA,208,5.4,NA,NA,10,NA,NA
Immanuel McElroy,2002,NA,74.25,,78.5,100,NA,NA,191,NA,NA,NA,9,NA,NA
Marcus Campbell,2005,NA,82.25,84.25,90,114,NA,NA,280.4,NA,NA,NA,9,NA,NA
Antonio Burks,2004,36,72,72.75,78.5,96.5,NA,NA,191,9.9,NA,NA,9,NA,NA
Eric Bledsoe,2010,18,72.25,73.5,79.5,98,NA,NA,191.6,5.6,8.5,9.75,9,NA,NA
Israel Sheinfeld,2002,NA,80.25,,81.75,106.5,NA,NA,239,NA,NA,NA,8,NA,NA
Brandon Kurtz,2000,NA,81.5,,83.25,106.5,NA,NA,257,NA,NA,NA,7,NA,NA
Pat Calathes,2008,NA,80.75,81.75,81.75,106,NA,NA,204,7.3,NA,NA,7,NA,NA
Rod Grizzard,2002,38,78,NA,84,107,NA,NA,193,NA,NA,NA,6,NA,NA
Brandin Knight,2003,NA,71.75,,78,95.5,NA,NA,190,10.5,NA,NA,6,NA,NA
Shawn James,2008,NA,79.75,81,89,111,NA,NA,217,9.2,NA,NA,6,NA,NA
Nemanja Aleksandrov,2005,NA,82,84,83,110,NA,NA,220.6,NA,NA,NA,5,NA,NA
Paul George,2010,10,79.75,80.75,83.25,107,NA,NA,214.4,5,8.5,9,4,NA,NA
Mo Williams,2003,47,72.75,NA,77.5,98.5,NA,NA,189,6.7,NA,NA,3,NA,NA
Ernest Brown,2000,52,82,NA,85.25,109.5,NA,NA,222.5,NA,NA,NA,2,NA,NA
Beno Udrih,2004,28,74.5,75.75,76.5,98,NA,NA,199,9.3,NA,NA,2,NA,NA
Tony Bobbitt,2004,NA,74.75,76,79,100,NA,NA,185,7.3,NA,NA,1,NA,NA
Jamal Crawford,2000,8,76.5,NA,82,102.5,NA,NA,175,NA,NA,NA,0,NA,NA
Lenny Cooke,2002,NA,77.5,,85,107,NA,NA,214,NA,NA,NA,0,NA,NA
Sasha Vujacic,2003,NA,77.5,,77.5,101,NA,NA,193,14.1,NA,NA,0,NA,NA
Shaheen Holloway,2000,NA,69.5,,70,91,NA,NA,174,NA,NA,NA,6,11.22,3.32
Luke Walton,2003,32,79.75,NA,80.5,104,NA,28,235,9.3,NA,NA,12,NA,NA
Sean Singletary,2008,42,71,72,76.5,95,NA,26,183.8,4.2,NA,NA,18,NA,NA
Kenny Gregory,2001,NA,75.5,,83.25,101,45.5,39.5,200,6.7,NA,NA,10,11.33,3.1
Hamidou Diallo,2017,NA,75.75,77,83.25,101.5,44.5,34.5,197.4,5.2,8.5,9.5,0,10.88,3.11
Tim Bowers,2004,NA,72.5,73.75,81,98,43.5,37,181,2.6,NA,NA,13,11.24,3.21
Nate Robinson,2004,NA,67.75,69,73,91.5,43.5,35.5,181,6.7,NA,NA,13,10.75,2.96
Matt Santangelo,2000,NA,72,,75,94,43,33.5,177,NA,NA,NA,12,10.66,3.06
Jamario Moon,2001,NA,78.5,,83.5,103,43,33,185,5.3,NA,NA,0,11.64,3.08
Alex Scales,2000,NA,74.25,,81,97.5,42.5,38.5,184.5,NA,NA,NA,10,10.98,3.21
Speedy Claxton,2000,20,70.5,NA,72,94.5,42.5,36,166,NA,NA,NA,6,10.48,3.06
Iman Shumpert,2011,17,76.25,77.5,81.5,99.5,42,36.5,221.8,6.5,9,9,18,11.1,3.18
Patrick Ewing Jr.,2008,NA,78,79.25,84.25,97.5,42,35,224,9.4,NA,NA,2,11.77,3.43
Frank Jackson,2017,31,74,75.5,79.5,98,42,34.5,201.6,6.7,8.25,9,9,10.94,3.14
Donte DiVincenzo,2018,17,75.5,76.5,78,97.5,42,34.5,200.6,5,8.25,9,12,10.72,3.11
Jordan Farmar,2006,26,72.75,74,75,94.5,42,33.5,171,4.4,NA,NA,11,11.07,3.17
Josh Okogie,2018,20,75,76.5,84,102,42,33,210.8,5.2,9,9.75,12,11.08,3.04
Josh Selby,2011,49,73.75,75,77.25,98,42,29.5,194.6,7.9,8.5,9,5,11.13,3.2
Ronald Dupree,2003,NA,78,,80.25,101,41.5,37.5,209,6.7,NA,NA,11,11.09,3.23
Dwayne Mitchell,2006,NA,74,75.25,78.5,98.5,41.5,37.5,208,4.5,NA,NA,17,11.45,3.16
Devin Robinson,2017,NA,79,80.25,84.75,106,41.5,35.5,189.6,3.2,9.25,10.25,10,12.85,3.23
Cookie Belcher,2001,NA,75,,80.5,99,41.5,35,206,5.3,NA,NA,7,11.26,2.91
Trevon Duval,2018,NA,73.5,74.5,80.25,97.5,41.5,34,191,5.2,8.75,10,6,10.93,3.18
Zhaire Smith,2018,16,74.75,76,81.75,100,41.5,33,198.6,6.05,8.75,8.25,10,11.02,3.05
Anfernee Simons,2018,24,74.25,75.25,81.25,99.5,41.5,32,183.2,7.7,8.75,9,1,11.27,3.1
Al Thornton,2007,14,77.75,79,85,104,41,35,221,5.8,NA,NA,9,11.96,3.16
Ronnie Brewer,2006,14,77.75,78.75,83.25,103.5,41,35,223,5,NA,NA,19,11.32,3.14
Bryce Taylor,2008,NA,74.75,76.25,81,99.5,41,34.5,210,8.3,NA,NA,16,11.08,3.19
Doug Wrenn,2003,NA,77.75,,91.5,100.5,41,34.5,220,7.3,NA,NA,15,11.38,3.17
Horace Jenkins,2001,NA,71.75,,77.25,97,41,34.5,171,6,NA,NA,2,10.97,3.1
Troy Bell,2003,16,72.25,NA,77,97.5,41,34.5,178,5.3,NA,NA,17,10.89,3.06
Frank Mason III,2017,NA,71,72,75.25,94,41,34,188.8,4.3,8,9.25,15,11.41,3.18
Bobby Brown,2007,NA,71,73.75,76,95.5,41,32.5,170,6.6,NA,NA,3,11.27,3.25
O.J. Mayo,2008,3,75.25,76.25,78,99.5,41,30.5,200,6.3,NA,NA,7,11.04,3.14
DeMarcus Minor,2001,NA,75.25,,80.25,99.5,41,29,207,6.7,NA,NA,9,10.57,3.15
Nick Young,2007,16,77,78.75,84,100.5,40.5,39.5,206,6.8,NA,NA,6,11,3.25
Donovan Mitchell,2017,13,73.25,75,82,97,40.5,36.5,211.4,5.9,8.5,9.5,10,11.53,3.01
Matt Barnes,2002,45,78.75,NA,81,96.5,40.5,35.5,226,NA,NA,NA,11,10.68,3.28
Mike Conley,2007,4,71,72.75,77.75,94.5,40.5,35.5,175,4.2,NA,NA,13,11.63,3.09
Semi Ojeleye,2017,37,77.25,78.75,81.75,102,40.5,35,241.4,5.5,8.75,9.5,19,10.58,3.16
Brandon Roy,2006,6,77.25,78.25,80,101,40.5,34,207,7.6,NA,NA,6,11.13,3.27
Derrick Zimmerman,2003,40,73,NA,81,96.25,40.5,34,190,5.3,NA,NA,13,11.09,3.1
Rudy Gay,2006,8,79,80,87,107.5,40.5,33,222,5.7,NA,NA,9,11.03,3.32
Michael Hicks,2001,NA,76,,81.25,100.5,40.5,33,197,7.3,NA,NA,13,11.38,3.19
Travis Leslie,2011,47,75,76.25,82.5,103,40.5,33,205,8.1,8.75,9.25,10,11,3.13
Will Bynum,2005,NA,70.5,71.5,75.5,93,40.5,33,188.8,NA,NA,NA,15,11.12,3
Rawle Alkins,2018,NA,74.75,76.25,80.75,99,40.5,32.5,217.4,8.9,8.5,10,10,11.5,3.15
Grayson Allen,2018,21,75,76.5,79.25,97,40.5,32.5,198,5.55,8.25,10,NA,10.31,3.15
Hamidou Diallo,2018,45,76.25,78,83.5,103,40.5,32.5,197,4.45,8.75,9,1,10.53,3.1
Rawle Alkins,2017,NA,74.5,75.75,80.75,99,40.5,31.5,222.6,11,8.75,10,7,11.99,3.3
Melvin Frazier,2018,NA,76.5,78,85.75,105,40.5,31,198.2,7.9,9.5,9.5,0,11.24,3.08
Sean Lampley,2001,44,77.5,NA,81.25,101,40,36,213,8,NA,NA,12,11.06,3.12
Will Blalock,2006,60,71.25,72.5,78,96.5,40,35,194,7.2,NA,NA,8,11.08,3.18
Derrick Rose,2008,1,73.5,74.5,80,98.5,40,34.5,196,4.6,NA,NA,10,11.69,3.05
Jason Gardner,2001,NA,69.75,,73.25,92.5,40,34.5,188,8,NA,NA,9,10.88,2.92
Deron Washington,2008,59,77.25,78.25,81,102.5,40,34,198.5,7.2,NA,NA,7,11.03,3.09
Jonny Flynn,2009,6,71.25,72.75,76,95.5,40,33,195.6,6.3,NA,NA,10,10.86,3.23
Allonzo Trier,2018,NA,75.75,77.25,78.75,98,40,32,198,4.95,8.25,10.5,11,11.02,3.14
Eric Gordon,2008,7,74,75.25,81,99,40,32,222,8.2,NA,NA,15,10.81,3.01
Isaiah Thomas,2011,60,68.75,70.25,73.75,91.5,40,31.5,186,6.7,8.25,9,13,10.49,3.14
Lonnie Walker,2018,NA,75.75,76.5,82.25,99.5,40,31.5,196.2,5.65,9,9.5,12,10.87,3.06
Terrico White,2010,36,75.75,77,81,101,40,31,202.6,3.7,9,10.5,10,11.38,3.15
Tyrus Thomas,2006,4,79.25,80.25,87,108,39.5,34,217,5.6,NA,NA,8,11.36,3.2
Mike Bell,2005,NA,80.75,81.25,85.5,104.5,39.5,33.5,206.2,NA,NA,NA,13,11.73,3.29
Gary Trent,2018,NA,76.25,77.75,80.75,98,39.5,33.5,204.2,7,8.5,9.5,12,11.37,3.12
Josh Smith,2004,17,79,80.25,84,106.5,39.5,32.5,221,6.7,NA,NA,12,11.43,3.24
T.J. Ford,2003,8,71,NA,71.5,93.5,39.5,32.5,162,6.7,NA,NA,0,11.45,3.2
Aaron Brooks,2007,26,70,71.75,76,94,39.5,32.5,161,2.7,NA,NA,6,10.57,3.2
Jason Richardson,2001,5,76.75,NA,83.5,102.5,39.5,32.5,213,5.3,NA,NA,15,11.75,3.12
Kemba Walker,2011,9,71.5,73,75.5,91.5,39.5,32,184,5.9,8,9,7,10.87,3.16
Jaylen Hands,2018,NA,73.5,74.75,77.5,98,39.5,31.5,179,5,8,8,6,12.11,3.13
Landry Shamet,2018,26,76,77.25,78.75,100,39.5,31,188.6,4.85,8,9,8,11.26,3.11
SirValiant Brown,2001,NA,71,,76,92.5,39.5,31,176,6.7,NA,NA,10,11.23,3
Dahntay Jones,2003,20,76.75,NA,81,102.5,39.5,30,214,2.6,NA,NA,NA,10.91,3.11
Cameron Oliver,2017,NA,79,80.25,85.25,106.5,39.5,28,238.6,7.7,9.5,10.25,5,12.17,3.16
Ekene Ibekwe,2007,NA,80,81,90,104,39,34.5,208,3.2,NA,NA,10,11,3.28
Ryan Carroll,2001,NA,76,,80.25,99,39,34.5,202,8,NA,NA,14,11,3.1
PJ Dozier,2017,NA,77.25,78.75,83,101,39,34,200.6,6.1,8.5,9.5,9,10.84,3.15
George Williams,2002,NA,77.75,,84.5,103,39,33.5,214,NA,NA,NA,11,11.21,3.24
Solomon Jones,2006,33,80.5,81.75,88.75,109,39,32,224,7.4,NA,NA,6,11.27,3.3
Shelvin Mack,2011,34,73,74.5,79.5,96.5,39,32,209,7.1,8.25,9.25,17,11.23,3.18
Jimmy Butler,2011,30,78,79.75,79.5,101.5,39,32,222.2,5.4,9,9,14,11.12,3.15
Ronnie Price,2005,NA,72.75,74.25,77.5,96.5,39,31.5,184.8,NA,NA,NA,11,10.49,3.29
Gerald Green,2005,18,78,79.25,81.75,104,39,31.5,192,NA,NA,NA,7,11.2,3.21
George King,2018,59,76.75,78,83.5,101.5,39,31,218.6,7.25,9,10.25,15,10.75,3.29
Mike Taylor,2008,55,72.75,74,79.25,98,39,31,166.2,3.8,NA,NA,2,10.98,3.08
Chris McCray,2006,NA,75,76,77.75,96.5,39,30.5,187,9.6,NA,NA,1,11.46,3.34
John Wall,2010,1,74.75,76,81.25,101.5,39,30,195.6,5.6,8.25,9.5,NA,10.84,3.14
Rodrigue Beaubois,2009,25,73.25,74.25,81.75,100,39,29.5,182.4,7.9,NA,NA,3,10.49,3.15
Eddie Gill,2000,NA,71.75,,76,93,38.5,35,176,NA,NA,NA,13,11.12,3.18
DeMarcus Nelson,2008,NA,73,74.25,82,98.5,38.5,34.5,198,4.5,NA,NA,19,10.54,3.13
David Noel,2006,39,76.5,78,81.5,100,38.5,34.5,223,6.1,NA,NA,20,10.54,3.07
Marshon Brooks,2011,25,76.25,77.25,85,101,38.5,34,194.6,5.2,9,10.5,5,10.74,3.09
Edrice Adebayo,2017,NA,80.75,81.75,86.75,108,38.5,33.5,242.6,5.2,9.5,8.75,12,11.94,3.24
Dominic James,2007,NA,70,71.75,74,93,38.5,33.5,175,4.8,NA,NA,14,10.94,3.11
Russell Carter,2007,NA,75,76.5,80.5,97.5,38.5,33,221,6,NA,NA,25,11.61,3.29
Richard Jefferson,2001,13,79.25,NA,84,103,38.5,33,223,6.7,NA,NA,14,11.19,3.15
Josh Powell,2003,NA,80,,85,107.5,38.5,32.5,227,8,NA,NA,15,11.72,3.2
Joe Alexander,2008,8,79.25,80.25,83.5,106,38.5,32.5,220,5.8,NA,NA,24,11.33,2.99
Luc Mbah a Moute,2008,37,77.75,79.5,86.5,103.5,38.5,32,221,7,NA,NA,11,11.71,3.17
Rodney Carney,2006,16,76.5,77.75,82,103.5,38.5,32,204,5.3,NA,NA,10,10.57,3.06
Luther Head,2005,24,74,75,77.25,98.5,38.5,31.5,178.8,NA,NA,NA,14,11.12,3.21
Armon Johnson,2010,34,74,75.25,80,99.5,38.5,31.5,195.2,5.6,8.25,9.25,18,11.25,3.19
Justin Love,2000,NA,73.5,,76.5,97.5,38.5,31,205.5,NA,NA,NA,24,10.99,3.31
Kobi Simmons,2017,NA,75.25,76.5,78,99,38.5,30.5,166.2,5,8.5,9.5,3,11.15,3.18
Steven Hunter,2001,15,82.25,NA,88,108,38.5,30.5,224,5.3,NA,NA,11,11.99,3.15
Eddie House,2000,37,71.75,NA,75.5,95,38.5,29.5,176.5,NA,NA,NA,5,11.12,3.27
Chase Budinger,2009,44,78.25,79,79,101,38.5,29.5,206.4,10,NA,NA,10,11.08,3.24
Norris Cole,2011,28,72.25,73.75,74.25,95.5,38.5,29.5,174.4,4.7,8.5,9.5,11,10.07,3.22
DeMar DeRozan,2009,9,77.5,78.5,81,102.5,38.5,29,211.2,4.9,NA,NA,5,11.88,3.31
Eric Coley,2000,NA,76,,83,102,38,35,205,NA,NA,NA,10,11.4,3.15
Dustin Salisbery,2007,NA,75,76.75,80,100.5,38,34,208,6.6,NA,NA,11,11.07,3.12
Schea Cotton,2000,NA,76.25,,79,100,38,34,219.5,NA,NA,NA,19,11.55,3
Jeff Green,2007,5,79,81.5,85.25,103,38,33.5,228,3.7,NA,NA,17,12,3.34
JaJuan Johnson,2011,27,81,82,86,107.5,38,33.5,219.8,7.5,9,10,15,11.21,3.14
Hakim Warrick,2005,19,79.25,80.5,86,108,38,33,215,NA,NA,NA,11,NA,3.22
Ron Lewis,2007,NA,74,76.5,78.5,99,38,33,194,4.5,NA,NA,16,11.59,3.22
Javaris Crittenton,2007,19,75,76.75,77.5,98,38,32.5,194,4.5,NA,NA,11,11.6,3.32
Bruce Brown,2018,42,75.5,77,81,98.5,38,32.5,194.6,3.75,8.5,8.5,17,11.11,3.2
Tamar Slay,2002,53,78.75,NA,83.5,104,38,32.5,203,NA,NA,NA,11,10.94,3.09
Randy Foye,2006,7,74.25,75.25,78.25,97,38,32,212,10,NA,NA,14,10.53,3.23
Elvin Mims,2002,NA,76.25,,85.5,105.5,38,32,211,NA,NA,NA,7,11.17,3.22
Chris Paul,2005,4,71.75,73,76.25,93,38,32,178,NA,NA,NA,10,11.09,3.22
Jordan Bell,2017,38,79,80.5,83.75,104.5,38,31.5,223.6,5.4,9.25,9.5,16,10.63,3.21
Wayne Ellington,2009,28,76.25,77.25,78.5,100,38,31.5,202.4,5.5,NA,NA,13,11.14,3.2
Damyean Dotson,2017,44,76.5,77.5,81,100,38,31.5,205.2,5.3,8.5,9.25,13,11.18,3.13
Charlie Bell,2001,NA,74.5,,79.5,97.5,38,31.5,200,6.7,NA,NA,15,10.59,3.12
Kevin Huerter,2018,19,78.25,79.25,79.5,101.5,38,31,194,8.6,8.25,8.5,9,10.89,3.09
Jerryd Bayless,2008,11,73.75,75,75.5,97,38,31,204,4.7,NA,NA,10,11.26,3.07
Nick George,2006,NA,76,77.75,82,103,38,30.5,201,6,NA,NA,14,11.69,3.25
Malik Hairston,2008,48,76.25,77.25,81,103.5,38,30.5,204,6.9,NA,NA,13,11.33,3.08
Terrance Ferguson,2017,21,77.5,79,80.75,103,38,28.5,184.4,5.8,8.5,10,NA,11.16,3.32
Stanley Robinson,2010,59,78.5,79.75,84,107.5,37.5,NA,213.2,8.3,9,9,6,11.65,3.23
Trenton Hassell,2001,29,76.25,NA,80,99.5,37.5,35.5,205,5.3,NA,NA,12,11.57,3.29
Maurice Evans,2001,NA,76.25,,80,101,37.5,34.5,221,4,NA,NA,22,10.08,3.12
Jermaine Taylor,2009,32,75.5,76.75,80.75,101,37.5,34,207.4,5.8,NA,NA,16,11.54,3.32
George Hill,2008,26,73.25,74.5,81,97.5,37.5,34,181,3,NA,NA,9,12.2,3.07
Jason Smith,2007,20,82.75,83.5,82.75,106,37.5,33.5,233,7.5,NA,NA,15,10.96,3.29
Damone Thornton,2001,NA,78.75,,85.75,103.75,37.5,33.5,235,8,NA,NA,19,11.17,3.2
Frank Elegar,2008,NA,79.25,80.75,87.25,106,37.5,33.5,210,4.5,NA,NA,11,11.86,3.17
Caswell Cyrus,2000,NA,79.75,,86,107.5,37.5,33.5,220.5,NA,NA,NA,18,12.12,3.16
Fred Jones,2002,14,74.25,NA,84,100,37.5,33.5,218,NA,NA,NA,NA,11.12,3.13
John Collins,2017,19,80.25,81.5,83.25,106.5,37.5,33,225.2,5.4,9,10,15,11.66,3.27
Jerry Holman,2003,NA,80.75,,87.25,109.5,37.5,33,232,6,NA,NA,11,11.54,3.24
A.J. Guyton,2000,32,72.75,NA,75.75,97.5,37.5,33,175,NA,NA,NA,9,10.55,3.22
Cordell Henry,2002,NA,68,,73,92,37.5,33,155,NA,NA,NA,1,11.3,3.04
Joakim Noah,2007,9,82,84,85.25,106.5,37.5,32.5,223,4.8,NA,NA,12,11.79,3.47
Rolan Roberts,2002,NA,77.75,,85,105.5,37.5,32.5,241,NA,NA,NA,16,11.36,3.33
Earl Watson,2001,39,72,NA,78.75,97,37.5,32.5,184,4,NA,NA,4,10.97,3.19
Aaron Miles,2005,NA,72,73.5,75.5,94,37.5,32,174.6,NA,NA,NA,7,10.69,3.22
Tyus Battle,2018,NA,77,78.75,81,102,37.5,32,200.2,4,8.5,9.25,9,11.04,3.07
Rasual Butler,2002,52,78.75,NA,84,105.5,37.5,31.5,198,NA,NA,NA,10,11.54,3.29
Mardy Collins,2006,29,76.25,77.5,82,103,37.5,31.5,224,10,NA,NA,9,12,3.27
Aubrey Reese,2000,NA,70.75,,77.5,94.5,37.5,31.5,189,NA,NA,NA,14,11.13,3.25
Ryan Humphrey,2002,19,78,NA,84,104.5,37.5,31.5,223,NA,NA,NA,13,11.75,3.2
Ben Gordon,2004,3,73,74.25,80.5,99,37.5,31.5,192,5.3,NA,NA,12,11.28,3.19
Tobias Harris,2011,19,78.5,79.75,83,103.5,37.5,31.5,222.8,8.4,8.75,9,12,10.96,3.17
Avery Bradley,2010,19,74,75.25,79.25,98.5,37.5,31.5,180.4,4,8.25,9.5,2,11.47,3.14
Reyshawn Terry,2007,44,78.75,79.5,82,103.5,37.5,31,222,8.9,NA,NA,18,11.76,3.26
Dillon Brooks,2017,45,77,78,78,100.5,37.5,31,220.2,7.5,8.25,9.25,16,11.14,3.21
Chris Singleton,2011,18,79.75,81,85,103.5,37.5,30.5,230.2,7.4,9.25,10,15,11.33,3.09
Julius Doc Robinson,2000,NA,72,,75.75,95.5,37.5,30,184,NA,NA,NA,0,12.54,3.41
Justin Hamilton,2003,NA,75,,83,103,37.5,30,217,8,NA,NA,17,11.18,3.18
Luke Babbitt,2010,16,79.5,80.75,83.25,104.5,37.5,29.5,217.8,5.6,8.5,10,15,10.98,3.4
Marcus Hatten,2003,NA,72.75,,78.25,98,37.5,29.5,163,4,NA,NA,7,11.5,3.15
Darius Washington,2006,NA,71.5,73,76,96,37.5,29,195,9.7,NA,NA,9,10.71,3.26
Brandon Knight,2011,8,73.5,75.25,78.75,98.5,37.5,29,176.8,4.2,8.25,9.5,10,10.74,3.07
Jamaal Tinsley,2001,27,72.75,NA,79.5,97.5,37.5,28,199,13.6,NA,NA,1,11.96,3.2
Thaddeus Young,2007,12,77.75,79.5,83.5,106,37,34.5,210,4.9,NA,NA,13,11.06,3.19
Donald Little,2003,NA,81.5,,87,97,37,33,229,7.3,NA,NA,18,11.18,3.2
Andrew Goudelock,2011,46,73.25,74.75,76.25,96.5,37,32.5,197.6,9.9,8.25,9.25,4,10.33,3.1
Damone Brown,2001,36,80.25,NA,83.75,104.5,37,32,202,6.7,NA,NA,6,11.81,3.27
Chris Quinn,2006,NA,72.5,73.5,77,94,37,32,175,5.9,NA,NA,7,11.25,3.25
Martin Rancik,2001,NA,80.75,,80,102.5,37,32,230,8,NA,NA,14,10.77,3.19
Wesley Johnson,2010,4,78.25,79.25,85,106,37,32,206.4,4.6,9,9.5,16,11.43,3.14
Jeremy Pargo,2008,NA,72.5,73.5,77,96,37,32,208,7.6,NA,NA,7,10.65,3.07
Michael Southhall,2006,NA,81.5,82.25,88.25,107.5,37,31.5,241,7.9,NA,NA,2,12.29,3.51
Isaiah Hicks,2017,NA,79.25,80.5,84.5,105,37,31.5,233.4,7.7,8.75,9.75,11,12.31,3.36
Anthony Roberson,2005,NA,72.75,74.5,74.75,95,37,31.5,178.8,NA,NA,NA,14,11.17,3.19
James Harden,2009,3,76,77.25,82.75,103.5,37,31.5,222,10.1,NA,NA,17,11.1,3.13
Devonte Graham,2018,NA,72.25,73.5,78.25,96,37,31,186.4,4.8,8.5,9.5,14,11.28,3.21
Rawle Marshall,2005,NA,76.5,77.75,85,104,37,30.5,186.6,NA,NA,NA,7,11.64,3.21
Devin Harris,2004,5,73.75,75,79.5,98.5,37,30.5,170,5.3,NA,NA,5,11.03,3.19
Terrence Williams,2009,11,77,78.25,81,103.5,37,30.5,213.2,5.1,NA,NA,9,11.15,3.18
Sviatoslav Mykhailiuk,2018,NA,78.5,79.75,76.75,100,37,30.5,211.6,8.45,8.25,9.5,4,11.25,3.15
V.J. Beachem,2017,NA,78.25,80,82.25,104.5,37,30,193.4,6.8,8.5,9,11,11.18,3.26
Brandon Armstrong,2001,23,75.5,NA,81.5,99.5,37,30,188,9.3,NA,NA,6,10.91,3.2
Tyler Honeycutt,2011,35,78.75,80.25,81,105,37,30,186.8,5.3,8.5,9.5,NA,11.68,3.07
Jalen Brunson,2018,33,73,74.25,76,96,37,29,198.4,6.7,8.25,9.25,7,10.59,3.15
Sharrod Ford,2005,NA,79.25,80.25,85.5,106,37,28.5,212.8,NA,NA,NA,9,11.92,3.2
Jodie Meeks,2009,41,75,76,76.5,98,37,28.5,211.4,8,NA,NA,14,10.96,3.1
Curtis Withers,2006,NA,78,78.5,82,101,36.5,35,227,5,NA,NA,14,11.54,3.1
Alton Ford,2001,50,80.25,NA,82.5,102.5,36.5,34.5,271,8,NA,NA,21,11.7,3.16
LaVell Blanchard,2003,NA,78,,78,101.5,36.5,33.5,205,11.7,NA,NA,12,11.64,3.38
Lavor Postell,2000,39,76.5,NA,80.5,101.5,36.5,33.5,205,NA,NA,NA,17,11.79,3.3
Marcus Haislip,2002,13,80.5,NA,84,107,36.5,33.5,221,NA,NA,NA,8,11.35,3.21
Eddie Basden,2005,NA,76.25,77.5,82.25,101,36.5,33,210,NA,NA,NA,14,10.52,3.21
Zach Marbury,2001,NA,73.25,,75.5,96.5,36.5,33,183,6.7,NA,NA,0,11.53,3.1
Josh Howard,2003,29,77.25,NA,86,105.5,36.5,33,202,6,NA,NA,4,10.89,3.09
Joe Johnson,2001,10,78.75,NA,81,105,36.5,32.5,226,6.7,NA,NA,12,12.05,3.4
Malcolm Thomas,2011,NA,79.5,80.75,84.5,107.5,36.5,32,223,5.9,9.5,10.5,3,11.31,3.29
Ugonna Okyekwe,2003,NA,79.25,,87,109,36.5,32,228,4.3,NA,NA,8,11.43,3.2
Carl Landry,2007,31,79,80.5,83,102.5,36.5,31.5,248,7.5,NA,NA,21,11.35,3.29
Jerel McNeal,2009,NA,73.5,75,79.25,99.5,36.5,31.5,190.4,5.4,NA,NA,10,10.61,3.25
Tony Allen,2004,25,75.5,76.25,81,102,36.5,31.5,214,6.7,NA,NA,17,10.7,3.19
Larry O'Bannon,2005,NA,75,76.25,78,99.5,36.5,31.5,196,NA,NA,NA,17,11.44,3.18
Reggie Williams,2008,NA,75.25,76,81.25,103,36.5,31.5,199,5.3,NA,NA,15,11.32,3.07
Brian Roberts,2008,NA,72.25,73.25,73.25,95,36.5,31.5,173,3.6,NA,NA,10,10.65,3.05
DeAnthony Melton,2018,NA,74.25,75.25,80.5,99.5,36.5,31,193.2,5.2,8.5,9.5,1,11.48,3.23
Ronald Murray,2002,NA,75,,79.5,100.5,36.5,31,197,NA,NA,NA,9,11.13,3.16
Derrick White,2017,29,75.25,76.5,79.5,101.5,36.5,31,189.8,6.2,8.25,8.5,10,10.84,3.08
Will Conroy,2005,NA,73,74,75,96.5,36.5,30.5,188.6,NA,NA,NA,14,10.51,3.28
Corey Brewer,2007,7,78,79.75,80.25,103,36.5,30.5,185,4.2,NA,NA,11,11.69,3.22
Jeff Teague,2009,19,72.25,73.5,79.5,98.5,36.5,30.5,175.2,4.5,NA,NA,13,11.05,3.18
John Gilchrist,2005,NA,73.25,74.5,81.25,96.5,36.5,30.5,195.2,NA,NA,NA,12,11.48,3.15
Tedric Hill,2006,NA,79.75,81,85,107,36.5,30,236,7.3,NA,NA,1,12.23,3.24
Dwayne Bacon,2017,40,76.75,78.25,82,103.5,36.5,30,221.6,7.9,8.75,10,8,11.7,3.22
Jack McClinton,2009,51,71.75,72.75,74.5,96,36.5,30,185.2,6.2,NA,NA,13,10.44,3.21
Daniel Horton,2006,NA,72.5,74.25,79,96.5,36.5,30,198,8,NA,NA,17,10.35,3.16
Russell Westbrook,2008,4,74.25,75.5,79.75,100,36.5,30,192,4.8,NA,NA,12,10.98,3.08
Jon Leuer,2011,40,82,83.5,84,105.5,36.5,29.5,223.2,5.4,8.75,9.75,14,10.82,3.36
Lynn Greer,2002,NA,72.25,,73,94.5,36.5,29.5,170,NA,NA,NA,12,11.24,3.16
Caleb Martin,2018,NA,76.75,78,82,101.5,36.5,29,195.8,7,8.5,8.75,6,10.43,3.26
Jevon Carter,2018,32,72.25,73.5,76.25,95,36.5,29,196.2,4.15,9.25,8.5,14,11.04,3.18
Ty Lawson,2009,18,71.25,72.5,72.75,94.5,36.5,29,196.6,6.6,NA,NA,14,10.98,3.12
Cody Martin,2018,NA,76.75,78,82.25,102.5,36.5,29,188.6,5.45,8.5,9,4,10.64,3.09
Sonny Weems,2008,39,76,77.5,82,104,36.5,29,193,4.4,NA,NA,12,10.58,2.96
Xavier Henry,2010,12,77.25,78.5,83.25,105,36.5,28.5,210.2,4.7,8.75,10,8,11.1,3.18
Scotty Hopson,2011,NA,77.75,78.5,82.5,103.5,36,32.5,204.6,4.8,8.5,10,10,10.47,3.18
Brandon Heath,2007,NA,74,75.75,79,94,36,32,181,9,NA,NA,11,11.39,3.28
Quan Prowell,2008,NA,78.75,79.75,82.5,103.5,36,32,225.5,6.5,NA,NA,16,11.79,3.14
Wesley Iwundu,2017,NA,77.5,78.75,85,105.5,36,31.5,193.4,4,8.75,9.5,5,11.25,3.36
Keith Benson,2011,48,82,83,87.75,109.5,36,31.5,217,6.1,9.5,11,12,11.88,3.35
Pops Mensah-Bonsu,2006,NA,79.5,81,84,105.5,36,31.5,232,5.8,NA,NA,19,11.47,3.29
Gilbert Arenas,2001,30,74.25,NA,81.5,99.5,36,31.5,199,5.3,NA,NA,12,NA,3.25
Lazar Hayward,2010,30,76.5,77.75,84.75,102,36,31,225.8,7.5,9.25,9.5,15,10.87,3.31
Joe Crawford,2008,58,75,76,77.75,99.5,36,31,213,7.6,NA,NA,13,11.67,3.22
Ed Davis,2010,13,81,81.75,84,108,36,31,226.6,10,9.25,10,NA,11.7,3.21
Trevor Booker,2010,23,78.25,79.5,81.75,106,36,31,235.8,7.3,9,9.5,22,11.15,3.1
Lester Hudson,2008,NA,71.75,73,80.75,98.5,36,30.5,196,3.4,NA,NA,12,11.15,3.16
Tyler Dorsey,2017,41,75,76.5,77.25,99.5,36,30.5,182.6,4.7,8.5,9.25,8,10.55,3.16
Marquis Estill,2003,NA,80.5,,88,108,36,30,257,11.7,NA,NA,7,12.92,3.31
Bracey Wright,2005,47,73.25,74.5,82,100.5,36,30,186.8,NA,NA,NA,8,11.58,3.27
Rickey Paulding,2004,54,74.75,76,81.5,101.5,36,30,210,5.3,NA,NA,17,11.14,3.17
Joey Graham,2005,16,77.25,78.5,80,104,36,30,216.6,NA,NA,NA,26,10.62,3.05
Gregory Smith,2011,NA,80,81.25,86.5,106.5,36,29.5,252.8,7.4,9.75,12,17,12.43,3.36
Chimezie Metu,2018,49,80.5,81.5,84.5,108,36,29.5,219.6,5.05,9,9.25,5,11.89,3.33
Marcin Gortat,2005,57,83,84,87.5,110,36,29.5,225.2,NA,NA,NA,18,11.48,3.33
Wayne Wallace,2003,NA,79.25,,86,108,36,29.5,187,4.6,NA,NA,6,11.85,3.24
Stephane Lasme,2007,46,77,79,86,107,36,29.5,213,4.9,NA,NA,17,11.73,3.22
Kris Humphries,2004,14,80.25,81.5,84.5,106.5,36,29.5,238,6.7,NA,NA,22,11.33,3.2
Josh Childress,2004,6,77.75,79.25,83,105,36,29,196,9.3,NA,NA,11,11.95,3.38
Jimmie Hunter,2000,NA,75,,80,100,36,29,170,NA,NA,NA,0,11.23,3.35
Alec Burks,2011,12,77,78,82,103.5,36,29,192.6,5.1,9,8.25,5,10.96,3.17
Caleb Green,2007,NA,78,80,83.75,103,36,28.5,238,10.9,NA,NA,9,11.72,3.46
Davon Reed,2017,32,76.5,77.5,84,102,36,28.5,206.2,6.5,9.25,9.5,12,11.37,3.34
Jay Williams,2002,2,72.25,NA,75.5,97,36,28.5,197,NA,NA,NA,10,10.34,3.09
Luke Jackson,2004,10,78,79,80.5,103,36,26.5,212,8,NA,NA,13,11.1,3.24
Kadeem Allen,2017,53,73,74.25,81.25,99.5,35.5,33,192.4,6.4,8.5,8.75,7,11.24,3.15
Andy Ellis,2002,NA,81.25,,82.25,102,35.5,32,220,NA,NA,NA,6,11.69,3.34
Blake Griffin,2009,1,80.5,82,83.25,105,35.5,32,248.4,8.2,NA,NA,22,10.95,3.28
Amar'e Stoudemire,2002,9,80.5,NA,85.75,108.5,35.5,32,233,NA,NA,NA,12,11.19,3.25
Andre Brown,2004,NA,80,81.5,83,107,35.5,32,236,6,NA,NA,18,11.7,3.22
Lou Amundson,2006,NA,79.2,80,83.5,103.5,35.5,32,221,6.8,NA,NA,14,10.58,3.2
Kirk Penney,2003,NA,77,,77.25,97,35.5,32,218,8,NA,NA,15,10.44,3.04
Deng Gai,2005,NA,79.75,81.25,88.5,110.5,35.5,31.5,214,NA,NA,NA,11,12.51,3.27
Derrick Favors,2010,3,80.75,82.25,88,110,35.5,31.5,245.2,6.5,8.75,9.25,14,11.74,3.25
Jarrett Allen,2017,22,81,82.25,89.25,109.5,35.5,31.5,233.6,7.4,9.5,10.5,4,11.82,3.21
Romain Sato,2004,52,74,75.25,83,102.5,35.5,31.5,204,6,NA,NA,8,11.27,3.18
Al Horford,2007,3,80,81.75,84.75,107,35.5,31,246,9.1,NA,NA,20,12.15,3.37
Omar Cook,2001,31,71.5,NA,77.5,92,35.5,31,189,5.5,NA,NA,9,10.77,3.2
Morris Almond,2006,NA,76.75,78,82,102.5,35.5,31,214,6.9,NA,NA,13,11.45,3.19
Jaron Blossomgame,2017,59,77.75,78.75,82,104.5,35.5,31,218.6,5.7,8.75,10.25,16,11.47,3.17
Brandan Wright,2007,8,80.75,82,87.75,108.5,35.5,30.5,200,5.8,NA,NA,2,11.76,3.31
Trent Plaisted,2008,46,81.25,82.25,82.5,105.5,35.5,30.5,240,11,NA,NA,14,11.32,3.17
Norman Richardson,2001,NA,75.5,,76.5,99,35.5,30.5,180,6,NA,NA,2,10.97,3.15
Dwight Howard,2004,1,81,82.25,88.5,111.5,35.5,30.5,240,10.5,NA,NA,7,11.21,3.14
Derrick Brown,2009,40,79.5,80.5,86.5,107.5,35.5,30.5,224.6,8.6,NA,NA,20,11.26,3.13
Greg Stevenson,2001,NA,75.75,,84.5,102,35.5,30,215,7.3,NA,NA,15,11.29,3.23
James Anderson,2010,20,76.75,77.75,80.5,104,35.5,30,207.6,7.9,8.5,7.25,14,11.86,3.19
J.R. Bremer,2002,NA,73.25,,74.25,96,35.5,30,188,NA,NA,NA,24,10.93,3.1
Malcolm Lee,2011,43,76,77.5,81.75,101.5,35.5,30,198.2,5.9,8.5,9.5,17,11.2,3.09
Justin Jackson (UNC),2017,NA,79,80.25,83,104.5,35.5,29.5,200.8,8.1,8.75,9.25,NA,10.8,3.3
Stephen Curry,2009,7,74,75.25,75.5,97,35.5,29.5,181,5.7,NA,NA,10,11.07,3.28
Randy Holcomb,2002,56,79,NA,85,105,35.5,29.5,225,NA,NA,NA,15,12.85,3.22
Danilo Pinnock,2006,NA,74.75,76,79.5,100.5,35.5,29.5,204,4.6,NA,NA,7,11.91,3.08
Paul Miller,2006,NA,80.5,81.25,84,101.5,35.5,29,251,13.8,NA,NA,25,12.25,3.66
Tarence Kinsey,2006,NA,76.75,77.5,78.75,100.5,35.5,29,179,4.1,NA,NA,5,10.67,3.3
J.R. Smith,2004,NA,77.5,78.75,82,104,35.5,29,227,6.7,NA,NA,5,10.93,3.21
Jermaine Boyette,2003,NA,73,,76,96,35.5,29,187,7.3,NA,NA,14,11.2,3.07
Omari Spellman,2018,30,80,81.25,86,107.5,35.5,28.5,253.8,13.75,9,9,8,12.28,3.38
Jaquay Walls,2000,56,73.25,NA,74.5,96.5,35.5,28.5,165.5,NA,NA,NA,0,10.75,3.23
Nik Caner-Medley,2006,NA,78.5,80,81,103,35.5,28.5,234,9.6,NA,NA,17,10.57,3.21
Allan Ray,2006,NA,73,74.25,80.5,99.5,35.5,28.5,204,9.8,NA,NA,9,11.01,3.2
Kris Wilkes,2018,NA,78.5,79.5,82.25,103.5,35.5,28,205,5.15,8.75,9.25,1,11.29,3.24
Jacob Evans,2018,28,76.25,77.5,81.25,102.5,35.5,28,199.6,6.5,9,9.25,8,11.11,3.2
Josh Hart,2017,30,75.75,77,80.25,101,35.5,27.5,209.2,5.8,8.5,9.5,9,11.15,3.18
Rudy Fernandez,2005,NA,76.75,78,79.5,101.5,35.5,26.5,172,NA,NA,NA,0,10.48,3.33
Dan McClintock,2000,53,83,NA,85.5,107,35,33,250,NA,NA,NA,20,11.52,3.33
Brandon Rush,2005,NA,77,78.5,83.25,104.5,35,32.5,211.4,NA,NA,NA,0,11.33,3.31
Brandon Hunter,2003,56,78.5,NA,86.75,105.5,35,32.5,266,8,NA,NA,25,11.13,3.21
Ken Johnson,2001,48,82.75,NA,88,109.5,35,32.5,227,9.9,NA,NA,13,11.27,3.12
Damon Hancock,2002,NA,74.75,,78,99.5,35,32,203,NA,NA,NA,15,11.62,3.03
Mindaugas Katelynas,2005,NA,79.5,80.5,83,105.5,35,31.5,217,NA,NA,NA,7,11.6,3.38
Sagaba Konate,2018,NA,78.5,79.5,84,106.5,35,31.5,246,7.35,9.25,10,12,12.28,3.28
Johnny Hemsley,2000,NA,74.75,,80,100.5,35,31.5,200,NA,NA,NA,5,11.5,3.19
Travis Hansen,2003,37,76.5,NA,78.5,100.5,35,31.5,200,6,NA,NA,16,10.72,3.18
Gerald Henderson,2009,12,76,77,82.25,102.5,35,31.5,214.6,4.4,NA,NA,8,11.17,3.14
Chris Duhon,2004,38,72,73.25,78.5,98,35,31.5,193,6.7,NA,NA,7,10.45,3.14
Dwyane Wade,2003,5,75.75,NA,82.75,102,35,31.5,212,6.7,NA,NA,9,10.56,3.08
Jordan Hill,2009,8,81.25,82.25,85.5,108,35,31,232.4,6,NA,NA,11,12.23,3.3
Jeff Ayres,2009,31,80.75,82,85,107,35,31,239.6,5.5,NA,NA,15,11.98,3.14
Mohamed Abukar,2007,NA,80,81.75,81,103,35,30.5,210,8.9,NA,NA,15,11.78,3.37
Cedric Simmons,2006,15,80.25,81.5,88.25,108.5,35,30.5,223,5.6,NA,NA,15,11.05,3.31
Kenneth Faried,2011,22,78,79.5,84,108,35,30.5,224.6,6.3,8.5,10.25,16,11.35,3.26
Marquis Daniels,2003,NA,77.25,,82,103.5,35,30.5,198,4,NA,NA,6,11.62,3.25
James Johnson,2009,16,79,79.75,84.75,105.5,35,30.5,257.2,12,NA,NA,18,11.21,3.23
Renaldo Balkman,2006,20,77.25,78.5,85,104.5,35,30.5,206,4.9,NA,NA,9,11.58,3.22
Keita Bates-Diop,2018,48,79.25,80.5,87.25,106.5,35,30.5,223.8,5.35,9,8.5,11,11.2,3.17
Jason Gardner,2003,NA,69.75,,73,92,35,30.5,194,9.3,NA,NA,10,10.62,3.17
James Gist,2008,57,79,80.5,88,107.5,35,30.5,220,4.8,NA,NA,5,11.37,3.14
Rodney Stuckey,2007,15,75.75,76.5,79.25,100.5,35,30.5,207,6.1,NA,NA,14,11.34,3.11
Coleman Collins,2007,NA,80,81.75,86,107,35,30,236,6.2,NA,NA,21,11.47,NA
Tristan Thompson,2011,4,79.5,80.75,85.25,108.5,35,30,227.4,6.2,8.75,9.25,9,10.92,3.26
Deron Williams,2005,3,73.75,74.75,78.25,98,35,30,202.4,NA,NA,NA,15,10.83,3.25
Michael Beasley,2008,2,79,80.25,84.25,107,35,30,239,7.7,NA,NA,19,11.06,3.24
Khyri Thomas,2018,38,74.5,75.75,82.5,101,35,30,198.8,6.4,8.75,9.25,14,10.96,3.18
Delonte West,2004,24,73.5,74.75,78,99.5,35,30,183,6.7,NA,NA,12,11.2,3.15
Kirk Snyder,2004,16,78,78.75,81,104,35,30,228,9.3,NA,NA,19,10.79,3.13
Keith Bogans,2003,43,76.25,NA,81.25,101,35,29.5,213,8,NA,NA,10,11.43,3.25
Maurice Ager,2006,28,75.25,76.5,79.75,101.5,35,29.5,203,8,NA,NA,11,11.73,3.22
Kevin Love,2008,5,79.75,81.5,83.25,106,35,29.5,255,12.9,NA,NA,18,11.17,3.22
Kostas Antetokounmpo,2018,60,81,82.5,86.25,110,35,29.5,194.8,5,9.25,9.5,0,12.48,3.21
James Mays,2008,NA,78.75,79.75,85.75,105,35,29.5,227,8.8,NA,NA,13,11.23,3.19
Marvin Williams,2005,2,79,80.25,87.5,108,35,29.5,228.2,NA,NA,NA,12,11.11,3.17
Anthony Randolph,2008,14,81,82.25,87,109,35,29,197,4.7,NA,NA,7,11.86,3.26
Bruno Fernando,2018,NA,80.75,81.75,88.25,109,35,29,233.2,5.25,9.5,10,11,12.19,3.23
Ruben Douglas,2003,NA,75.5,,79.25,100.5,35,28.5,193,6,NA,NA,9,11.95,3.27
Mustafa Shakur,2007,NA,75,76.5,77.5,99,35,28.5,185,4.1,NA,NA,11,11.82,3.27
Will Solomon,2001,32,71.75,NA,81.5,99.5,35,28.5,172,4,NA,NA,4,11.3,3.22
Chris Porter,2000,55,77.5,NA,81.5,103.5,35,28.5,214,NA,NA,NA,6,10.93,3.2
Jerry Green,2001,NA,73.5,,78.25,99,35,28.5,179,5.5,NA,NA,13,11.7,3.17
DJ Strawberry,2007,59,75.75,77,78.5,101,35,28.5,199,4.5,NA,NA,21,10.87,3.14
D.J. Augustin,2008,9,70,71.5,75.5,94.5,35,28.5,171.5,8.1,NA,NA,2,11.27,3.07
Eduardo Najera,2000,38,78.5,NA,83.5,104.5,35,28,234.5,NA,NA,NA,15,11.38,3.45
Jon Diebler,2011,51,77.25,78.5,78,99,35,28,196.6,8.5,8.25,8.25,2,10.94,3.37
Dante Cunningham,2009,33,79,80.25,83,106.5,35,28,227.4,4.8,NA,NA,18,11.18,3.26
Dajuan Wagner,2002,6,72.75,NA,74,99,35,28,193,NA,NA,NA,16,12.03,3.22
Cory Joseph,2011,29,74,75.25,77.5,99,35,27.5,186.2,9.7,8.5,10.5,5,10.75,3.27
Trey Johnson,2007,NA,75,77.75,77,98,35,26.5,216,5.4,NA,NA,18,11.78,3.31
Craig Brackins,2010,21,80.5,81.75,84,109,35,26,229,7.9,9.5,11.25,6,11.65,3.39
Qyntel Woods,2002,21,79,NA,82,105,34.5,33.5,213,NA,NA,NA,2,11.94,3.23
Rashad McCants,2005,14,74.75,76,82.75,103.5,34.5,32.5,201,NA,NA,NA,15,10.39,3.11
Coby Karl,2007,NA,75,76.75,83,99.5,34.5,32,204,5.4,NA,NA,9,11.57,3.41
E'Twaun Moore,2011,55,74.5,76,81.5,99.5,34.5,32,191.4,7.6,9,10,NA,11.12,3.31
Jordan Crawford,2010,27,75,76.5,79,101,34.5,31.5,198.4,4.9,8,9,7,11.03,3.37
DaShaun Wood,2007,NA,70.75,71.5,72.75,92,34.5,31.5,167,5.4,NA,NA,13,11.4,3.23
Gyasi Cline-Heard,2001,NA,78.25,,83.5,103,34.5,31.5,231,8,NA,NA,11,11.4,3.23
Aloysius Anagonye,2003,NA,78.75,,86.5,106,34.5,31,257,10.5,NA,NA,6,12.93,3.3
Dan Langhi,2000,31,81,NA,80,104,34.5,31,197.5,NA,NA,NA,12,10.85,3.24
Chris Wilcox,2002,8,80.25,NA,85,107.5,34.5,31,218,NA,NA,NA,20,11.43,3.16
John Salmons,2002,26,77.5,NA,82.25,104,34.5,30.5,207,NA,NA,NA,12,11.35,3.25
Gordon Hayward,2010,9,78.75,80,79.75,103,34.5,30.5,211,6.9,8.5,9.25,10,11.73,3.22
Darren Kelly,2001,NA,74,,78.75,100,34.5,30.5,178,6.7,NA,NA,1,11.38,3.21
Taquan Dean,2006,NA,74,75,78.75,98,34.5,30.5,183,3.9,NA,NA,16,10.53,3.2
Andre Iguodala,2004,9,77.75,78.75,83,105.5,34.5,30.5,217,6.7,NA,NA,4,11.17,3.18
Daequan Cook,2007,21,75,77.75,80.25,101.5,34.5,30,203,7,NA,NA,4,11.12,3.22
Steven Smith,2006,NA,79.5,81.25,84.5,104,34.5,29.5,238,7.8,NA,NA,15,12.08,3.4
Cory Hightower,2000,54,77.5,NA,83,101.5,34.5,29.5,183,NA,NA,NA,0,11.92,3.37
Maarty Leunen,2008,54,79.25,80.5,80,102.5,34.5,29.5,222,8.9,NA,NA,14,11.57,3.36
Michael Dunigan,2011,NA,80.5,82,87.25,107.5,34.5,29.5,237.6,8,9,10.75,10,11.85,3.27
Ron Hale,2000,NA,79.5,,83,104.5,34.5,29.5,202,NA,NA,NA,11,12.58,3.2
Stanley Burrell,2008,NA,73.5,74.5,78.25,97.5,34.5,29.5,201,5.6,NA,NA,21,11.19,3.19
DaJuan Summers,2009,35,79.25,80.5,84.75,106.5,34.5,29.5,243,6.6,NA,NA,15,10.94,3.17
TJ Leaf,2017,18,80.75,81.75,83,107,34.5,29,222.2,6.8,8.5,9.5,6,11.55,3.27
Viktor Keyru,2006,NA,77.25,78,81.25,104,34.5,29,202,5.5,NA,NA,11,11.4,3.24
Derrick Williams,2011,2,79.25,80.75,85.5,108,34.5,29,248.4,10.8,9,9.75,19,11.03,3.23
Joe Shipp,2003,NA,76,,82,103,34.5,29,224,11.7,NA,NA,17,11.75,3.2
Bryant Matthews,2004,NA,77.75,78.75,84.5,105.5,34.5,29,206,6.7,NA,NA,13,11.08,3.13
Andre Barrett,2004,NA,68.75,69.75,73,92,34.5,29,171,6.7,NA,NA,13,10.63,3.08
Blake Schilb,2006,NA,77.25,78.25,80.75,102,34.5,28.5,209,11.3,NA,NA,13,11.25,3.43
Troy Murphy,2001,14,81.75,NA,83,105.5,34.5,28.5,230,11.7,NA,NA,11,11.22,3.43
Rolando Howell,2004,NA,79.5,80.5,84.5,107,34.5,28.5,229,11.7,NA,NA,NA,11.91,3.28
Bobby Jones,2006,37,77.75,78.75,81.5,101.5,34.5,28.5,211,8,NA,NA,15,11.23,3.28
Dominic McGuire,2007,47,79,80.25,82.5,104,34.5,28.5,220,4.7,NA,NA,12,10.95,3.25
Calvin Bowman,2001,NA,80.75,,83.5,104,34.5,28.5,214,8.6,NA,NA,7,11.96,3.21
Carsen Edwards,2018,NA,70.75,72,78.25,94.5,34.5,28.5,195.6,6.3,8.5,9.25,12,11.59,3.2
Souleymane Camara,2003,NA,81.75,,86.25,109,34.5,28.5,211,9.9,NA,NA,2,11.51,3.2
Bernard Robinson,2004,45,77.25,78.5,82,102,34.5,28.5,208,6,NA,NA,14,10.91,3.17
Denham Brown,2006,40,76,77,81.5,102.5,34.5,28,218,9,NA,NA,12,11.42,3.25
Othello Hunter,2008,NA,78.5,79.5,87,109.5,34.5,28,220,6.4,NA,NA,7,11.51,3.18
Pete Mickeal,2000,58,77,NA,81.5,103.5,34.5,28,222,NA,NA,NA,8,10.83,3.06
Evan Turner,2010,2,77.75,79,80,103.5,34.5,27.5,213.8,8.6,8.75,9.5,9,11.06,3.27
JR Reynolds,2007,NA,72,74.75,75.25,95,34.5,27.5,188,8.2,NA,NA,15,11.69,3.24
Kei Madison,2002,NA,79.75,,84.5,107,34.5,27.5,216,NA,NA,NA,6,11.74,3.22
Carlos Powell,2005,NA,77.25,78.75,82.75,105,34.5,27.5,221.8,NA,NA,NA,12,11.54,3.21
Nigel Williams-Goss,2017,55,73.5,75,79.25,99,34.5,27.5,190.2,5.6,8.75,9.25,10,10.42,3.19
Greg Oden,2007,1,83,84,88.25,112,34,32,257,7.8,NA,NA,NA,11.67,3.27
Emeka Okafor,2004,2,80.75,82,88,110.5,34,31.5,257,5.3,NA,NA,22,12.32,3.15
CJ Watson,2006,NA,72.5,73.75,78,96,34,31.5,171,5.2,NA,NA,12,11.61,3.15
Danny Granger,2005,17,79.5,80.5,85.5,103,34,31,225.4,NA,NA,NA,10,10.84,3.34
Brandon Bowman,2006,NA,78.75,80.25,83.5,103,34,31,209,8.4,NA,NA,24,11.41,3.31
Sam Clancy,2001,NA,78.25,,86.75,107,34,31,242,8,NA,NA,15,11.47,3.13
Keydren Clark,2006,NA,69,70.25,74.5,92.5,34,31,184,11.6,NA,NA,13,11.03,3.11
Gabe Muoneke,2000,NA,78.25,,84.5,105,34,30.5,244,NA,NA,NA,22,11,3.4
Herbert Hill,2007,55,79,81.75,86.25,108.5,34,30.5,232,5.6,NA,NA,15,12.31,3.39
Brian Bowen,2018,NA,78.25,79.5,82.25,103.5,34,30.5,202,7.6,9,10,0,11.58,3.28
Marcus Slaughter,2006,NA,79,80,83.5,104.5,34,30,220,8.5,NA,NA,9,11.56,3.4
Eric Hicks,2006,NA,76.75,77.5,85.5,105.5,34,30,238,7.1,NA,NA,20,12.06,3.34
Vincent Yarbrough,2002,32,77.5,NA,84.5,104.5,34,30,202,NA,NA,NA,10,11.7,3.32
Tyrone Brazelton,2008,NA,70,71,73.75,94,34,30,166,8.1,NA,NA,8,11.59,3.25
A.J. Granger,2000,NA,79.5,,81.5,103,34,30,227,NA,NA,NA,20,10.73,3.25
Nene,2002,7,81.25,NA,88.5,109,34,30,253,NA,NA,NA,16,10.73,3.19
Jason Keep,2003,NA,81.75,,84.5,106.5,34,29.5,270,8.6,NA,NA,27,11.18,3.3
Eddy Fobbs,2005,NA,82.25,83.25,90.75,111.5,34,29.5,235.2,NA,NA,NA,12,11.53,3.28
Charles Jenkins,2011,44,73.5,75.25,79.5,96.5,34,29.5,216.4,4.3,8.5,9,16,11.68,3.18
Yue Sun,2007,NA,79.75,80.75,81,105,34,29,212,5.1,NA,NA,9,10.68,3.45
Joah Tucker,2006,NA,75.75,77.25,78.5,99.5,34,29,224,7,NA,NA,19,11.58,3.31
Darington Hobson,2010,37,77.25,78.5,81.25,104.5,34,29,203.6,6.2,8.25,9,NA,11.68,3.25
Jeryl Sasser,2001,22,77.5,NA,82.5,103.5,34,29,194,6.7,NA,NA,1,11.47,3.22
Acie Law,2007,11,74,75.5,78.5,98,34,29,186,5.6,NA,NA,8,11,3.22
John Lucas III,2005,NA,69.25,70.5,72,92,34,29,154.4,NA,NA,NA,4,10.44,3.14
Josh Heytvelt,2009,NA,82,83,85.25,108,34,28.5,246.2,10.8,NA,NA,15,11.67,3.38
Chris Thomas,2005,NA,71.75,73,75,95,34,28.5,176.2,NA,NA,NA,14,10.84,3.33
Quinton Hosley,2007,NA,77,79.75,83.25,105,34,28.5,215,5.7,NA,NA,12,12.47,3.32
Greg Harrington,2002,NA,73,,75.75,97,34,28.5,183,NA,NA,NA,15,12.06,3.32
Jrue Holiday,2009,17,75.25,76.25,79,100.5,34,28.5,199,6.3,NA,NA,6,10.64,3.21
Tyreke Evans,2009,4,76,77.25,83.25,104,34,28.5,220.6,7.1,NA,NA,7,11.81,3.17
Nolan Smith,2011,21,73.5,75.5,77.5,99,34,28.5,187.6,5.6,8.5,9.25,9,11.05,3.17
Carl English,2003,NA,76,,77.25,98.5,34,28,201,8,NA,NA,11,11.77,3.32
Jawad Williams,2005,NA,79,80,85.25,106.5,34,28,218,NA,NA,NA,15,11.39,3.23
Bobby Simmons,2001,41,78.25,NA,84.25,105,34,27.5,235,6.7,NA,NA,12,11.69,3.41
Tyler Hansbrough,2009,13,80.25,81.5,83.5,106,34,27.5,234.2,8.5,NA,NA,18,11.12,3.27
Jeff Newton,2003,NA,80,,85,106,34,27.5,199,5.3,NA,NA,9,11.18,3.23
Igor Rakocevic,2000,51,74.5,NA,77.25,100,34,27.5,184,NA,NA,NA,9,10.4,3.1
Kyle Kuzma,2017,27,80,81.5,84.25,107.5,34,27,222.6,9.4,8.5,9.5,12,10.72,3.25
Theo Pinson,2018,NA,77,78.75,82.75,103.5,34,27,211.2,7.35,9,9,7,11.53,3.22
PJ Washington,2018,NA,78.5,80,86.5,107,34,27,223,6.85,9,10.25,3,11.39,3.2
Moritz Wagner,2018,25,82.5,83.5,84,108,34,27,241.4,6.75,9,10.75,8,11.48,3.18
LaMarcus Aldridge,2006,2,82,83.25,88.75,110,34,26.5,234,8.7,NA,NA,8,12.02,3.43
Tyson Chandler,2001,2,83.5,NA,87,110,33.5,31,224,6.7,NA,NA,2,12.13,3.36
Ekpe Udoh,2010,6,80.75,81.75,88.5,106.5,33.5,31,237.4,8,9.5,8.75,10,11.15,3.29
Mark Madsen,2000,29,80,NA,84.5,104.5,33.5,30.5,236.5,NA,NA,NA,13,12.12,3.46
Michel Morandais,2004,NA,75.75,76.75,83.5,102,33.5,30.5,205,8.6,NA,NA,16,11.45,3.22
Carmelo Anthony,2003,3,78.25,NA,84,105.5,33.5,30.5,233,8,NA,NA,7,11.4,3.15
Darren Collison,2009,21,72.25,73.5,75,96.5,33.5,30.5,166.2,5.7,NA,NA,9,10.45,3.1
Zabian Dowdell,2007,NA,73,75,82,100,33.5,30,191,5.1,NA,NA,3,11.13,3.29
Tyler Lydon,2017,24,80.25,81.5,84,107.5,33.5,29.5,215,13.6,8.75,8.75,1,11.68,3.46
Jason Hart,2000,49,73.75,NA,78,97.5,33.5,29.5,181,NA,NA,NA,9,11.7,3.34
Ramon Sessions,2007,56,74,75.75,76.25,97.5,33.5,29.5,185,6.2,NA,NA,8,11.65,3.27
Marcus Goree,2000,NA,79.5,,84.5,105.5,33.5,29.5,239,NA,NA,NA,13,12,3.25
Jackson Vroman,2004,31,81.25,82.75,84,105.5,33.5,29.5,226,6.7,NA,NA,12,10.75,3.25
Ebi Ere,2003,NA,75.5,,82.5,102,33.5,29.5,210,14.1,NA,NA,NA,11.38,3.16
Shelden Williams,2006,5,79.5,80.5,88.25,104,33.5,29,258,11.4,NA,NA,25,11.53,3.59
Matt Carroll,2003,NA,77,,78.5,98.5,33.5,29,207,6.7,NA,NA,13,11.11,3.35
Nigel Hayes,2017,NA,78.25,79.5,87.25,104.5,33.5,29,254.2,11.5,8.75,10,16,11.81,3.27
Tyler Smith,2009,NA,77.25,78,81.75,104.5,33.5,29,212,7,NA,NA,10,10.69,3.24
Kirk Hinrich,2003,7,74.75,NA,78,98.5,33.5,29,186,5.3,NA,NA,10,10.98,3.1
Raymond Felton,2005,5,71.5,72.25,76.25,98,33.5,29,199.4,NA,NA,NA,6,10.5,3.06
Julian Wright,2007,13,78.5,80.5,86.25,108,33.5,28.5,211,6.1,NA,NA,2,11.48,3.36
Udonis Haslem,2002,NA,79.75,,83,107,33.5,28.5,250,NA,NA,NA,22,11.8,3.31
Reed Rawlings,2000,NA,78.25,,81.25,104,33.5,28.5,218,NA,NA,NA,13,11.1,3.27
Robert Whaley,2005,51,80,81,86,108,33.5,28.5,269.4,NA,NA,NA,15,12.11,3.25
Patrick Patterson,2010,14,80,81.25,85.25,107,33.5,28.5,239.6,5.3,9.25,10.25,17,11.14,3.25
Jameer Nelson,2004,20,71,72.5,74.5,95,33.5,28.5,199,8,NA,NA,15,10.95,3.14
Dan Grunfeld,2006,NA,76.75,78,78.25,99,33.5,28,216,10.4,NA,NA,16,11.3,3.46
Isaiah Briscoe,2017,NA,73.25,74.75,81,99.5,33.5,28,222.4,11,9,9.25,11,10.95,3.38
Austin Wiley,2018,NA,80.25,82,89,111,33.5,28,249.4,5,9.75,10.25,14,12.79,3.3
Jeremy Tyler,2011,39,81,82.5,89,110.5,33.5,28,262.4,13.4,9.25,9,10,11.26,3.29
Monte Morris,2017,51,73.25,74.5,76,96.5,33.5,28,175.2,6.9,8.25,8.75,8,11,3.19
Bernard King,2003,NA,75.75,,77.5,98.5,33.5,28,200,12.9,NA,NA,11,11.37,3.18
Andrew Bogut,2005,1,83,84.25,87,110.5,33.5,27.5,250.6,NA,NA,NA,13,12.06,3.51
Marcus Taylor,2002,51,73,NA,76.5,98.5,33.5,27.5,181,NA,NA,NA,4,11.25,3.31
Marcus Dove,2008,NA,78.75,79.5,83.5,105,33.5,27.5,208,5.3,NA,NA,10,11.59,3.26
Gary Forbes,2008,NA,76.5,77.75,83.25,104.5,33.5,27.5,220.5,6.5,NA,NA,13,11.45,3.25
Michael Wright,2001,38,79,NA,83.5,106.5,33.5,27.5,247,9.3,NA,NA,18,11.37,3.21
Jawun Evans,2017,39,70.75,71.5,77.5,95,33.5,27.5,185.2,9.1,8,7.75,1,11.34,3.21
Malik Newman,2018,NA,74.5,75.25,77.5,98.5,33.5,27.5,189.2,6.25,8.5,9.5,NA,10.9,3.13
Nate Johnson,2000,NA,78.5,,80.5,104,33.5,27,211.5,NA,NA,NA,13,11.9,3.33
Al-Farouq Aminu,2010,8,79.25,80.5,87.25,108.5,33.5,27,216,8.2,9.5,9.5,13,11.29,3.3
Dionte Christmas,2009,NA,76.25,77.5,81,102.5,33.5,27,210.8,7.1,NA,NA,3,10.83,3.21
Mark Tyndale,2008,NA,74.75,75.5,83,103.5,33.5,27,217,6.7,NA,NA,5,12.52,3.14
Jereme Richmond,2011,NA,78,79.25,82.25,106.5,33.5,27,207.2,5.5,8.75,9.5,0,11.74,3.02
Blake Schilb,2007,NA,77,79,81,102.5,33.5,26.5,214,10,NA,NA,11,11.63,3.36
Ed Cota,2000,NA,72.25,,76,96.5,33.5,26.5,189,NA,NA,NA,1,10.98,3.24
Charles Rhodes,2008,NA,79.25,80.25,83.25,107.5,33.5,26.5,244,10.7,NA,NA,14,11.51,3.13
Kevin Durant,2007,2,81,82.25,88.75,110,33.5,26,215,6.6,NA,NA,0,12.33,3.45
Kimani Ffriend,2001,NA,81.5,,82.75,108.5,33,32,228,11.7,NA,NA,9,11.46,3.09
Anthony Evans,2001,NA,78,,83.5,101.5,33,31.5,267,12.9,NA,NA,18,12.56,3.31
Brandon Bass,2004,NA,78.25,79.25,86.5,106.5,33,31.5,246,9.3,NA,NA,18,11.61,3.24
James Hughes,2007,NA,81,82.75,87,111,33,31,209,3.5,NA,NA,8,13.31,3.37
Marcus Thornton,2009,43,74.75,75.75,77,99,33,31,194.4,4.8,NA,NA,14,10.73,3.28
Chris Bosh,2003,4,82.25,NA,87.5,109,33,30.5,225,8,NA,NA,9,11.8,3.3
Jeremy Hunt,2007,NA,74,76.75,80.25,101.5,33,30.5,198,5.2,NA,NA,10,12.11,3.29
Ronny Turiaf,2005,37,80,81.25,85.5,106.5,33,30.5,237.8,NA,NA,NA,15,11.5,3.23
James Jones,2003,49,79.25,NA,86.5,107.5,33,30.5,218,6.7,NA,NA,9,11.18,3.19
Kwame Brown,2001,1,82,NA,85,108,33,30,243,8.9,NA,NA,17,11.59,3.45
Charles Hayes,2005,NA,77.5,78.75,82,104.5,33,30,232.4,NA,NA,NA,20,10.7,3.34
Sean May,2005,13,79,80.5,85.25,105,33,30,258.8,NA,NA,NA,12,11.04,3.29
Shake Milton,2018,54,76.5,77.5,84.75,99.5,33,30,207.2,6.8,8.75,9.5,2,11.07,3.25
Shan Foster,2008,51,76,77.25,83.5,103.5,33,30,194.5,6.3,NA,NA,10,12.3,3.24
Tommy Smith,2003,53,81,NA,86.5,107.5,33,30,200,6.7,NA,NA,2,11.54,3.14
Shane Battier,2001,6,80.25,NA,82.5,105,33,29.5,229,9.3,NA,NA,12,10.95,3.3
Maurice Baker,2002,NA,71.75,,76,96,33,29.5,178,NA,NA,NA,2,12.19,3.29
Sean Dockery,2006,NA,72.75,74,76.5,95.5,33,29,182,7.3,NA,NA,4,10.88,3.34
Danny Green,2009,46,77.25,78.5,82,103,33,29,208,5.6,NA,NA,15,11.3,3.3
Michael Hermon,2000,NA,74.75,,78.25,98.5,33,29,195,NA,NA,NA,0,11.79,3.25
Juan Mendez,2005,NA,77.25,78.75,84,106.5,33,29,231.4,NA,NA,NA,14,11.7,3.24
Damion James,2010,24,78.25,79.75,84.75,107,33,29,226.6,9.6,9.25,8.5,13,10.89,3.2
Drew Gooden,2002,4,80.75,NA,84.5,106.5,33,29,227,NA,NA,NA,13,11.81,3.19
Mire Chatman,2002,NA,72,,78,98,33,29,174,NA,NA,NA,1,11.12,3.18
Marcus Morris,2011,14,79,80.75,82,105.5,33,29,229.6,8,8.25,8.5,11,NA,3.15
Taj Gray,2006,NA,79.25,80.5,84.75,107,33,28.5,231,6.8,NA,NA,10,11.02,3.45
Kyle Hines,2008,NA,75.75,77.25,85.25,104.5,33,28.5,234,3.6,NA,NA,16,12.17,3.4
Earl Clark,2009,14,80.5,82.25,86.5,109.5,33,28.5,228.4,5.2,NA,NA,5,11.17,3.35
Corsley Edwards,2002,57,79.25,NA,82.75,106.5,33,28.5,285,NA,NA,NA,12,12.18,3.31
Justin Harper,2011,32,80,80.75,83.75,106,33,28.5,228,4,9,9.25,19,11.92,3.3
Stephane Pelle,2003,NA,79,,86,107,33,28.5,246,12.4,NA,NA,17,11.37,3.27
Chris Taft,2005,42,80.5,81.5,85.75,109,33,28.5,261,NA,NA,NA,14,11.26,3.27
Rick Jackson,2011,NA,80.25,81.25,86,106.5,33,28.5,241.8,8.3,8.75,9.5,9,11.51,3.26
David Lighty,2011,NA,76.75,78.5,80,101,33,28.5,216.2,6.5,9,10,15,10.81,3.25
Jamaal Tatum,2007,NA,71.5,72.75,74.5,93.5,33,28.5,168,5,NA,NA,7,11.51,3.22
Kenny Satterfield,2001,53,73,NA,76.5,98,33,28.5,176,6.7,NA,NA,3,12.05,3.2
David Simon,2005,NA,80,81.5,87.5,108,33,28,258.8,NA,NA,NA,18,11.98,3.44
Nick Collison,2003,12,80.75,NA,85.5,108,33,28,255,17,NA,NA,8,11.62,3.28
Tory Walker,2001,NA,78.75,,83.25,104.5,33,28,187,6.7,NA,NA,7,11.95,3.25
James Fredette,2011,NA,72.75,74.5,76.5,96.5,33,28,196,7.7,8,8.5,14,10.42,3.21
Kenrich Williams,2018,NA,78,79.5,79.25,103.5,33,28,200.4,5.95,8.5,9.75,14,10.86,3.19
Teddy Dupay,2002,NA,69.5,,70.75,90.5,33,28,178,NA,NA,NA,16,10.53,3.19
Rodney White,2001,9,79.5,NA,83.5,104.5,33,27.5,243,9.3,NA,NA,16,12.07,3.47
Sam Young,2009,36,77.25,78.75,82.75,105.5,33,27.5,222.8,4.9,NA,NA,NA,11.47,3.45
Lawrence Roberts,2004,NA,79.5,81,81.5,106.5,33,27.5,233,9.3,NA,NA,18,12.52,3.3
JJ Redick,2006,11,76,76.75,75.25,97.5,33,27.5,190,7,NA,NA,6,10.94,3.29
Marko Jaric,2000,30,78.5,NA,81,104,33,27.5,210,NA,NA,NA,NA,11.32,3.28
Hollis Price,2003,NA,71.5,,76.5,94.5,33,27.5,165,7.3,NA,NA,1,10.72,3.25
Sherron Collins,2010,NA,70.25,71.75,74.5,94,33,27.5,217.2,9.2,8.5,9.5,NA,12.31,3.24
Joey Dorsey,2008,33,78.25,79.25,85.75,107,33,27.5,265,9,NA,NA,19,11.84,3.2
Ricky Minard,2004,48,75.25,76.25,79,101.5,33,27.5,198,8,NA,NA,13,10.94,3.1
Patty Mills,2009,55,71.25,72.5,74,95,33,27.5,175.4,6.9,NA,NA,8,10.87,3.1
Svi Mykhailiuk,2017,NA,78.5,79.5,77,100,33,27,219.6,11.4,8,9.25,8,12.4,3.53
Lance Stephenson,2010,40,76.5,77.75,82.5,103,33,27,227,9.3,9,10.25,10,11.39,3.38
Jaylen Barford,2018,NA,73.25,74.25,75.5,96.5,33,27,207.6,11.65,8,8.25,7,11.39,3.31
Demetri McCamey,2011,NA,73.75,75.25,78.25,99.5,33,27,204,6.1,8.5,9,NA,11.55,3.19
Randall Orr,2004,NA,81,82.75,82.5,107.5,33,26.5,193,6.7,NA,NA,6,11.18,3.27
Chris Massie,2003,NA,78.5,,85,106.5,33,26.5,259,14.8,NA,NA,13,12.48,3.22
Eddie Griffin,2001,7,81.25,NA,87,110,33,26.5,222,4,NA,NA,3,11.77,3.21
Joseph Forte,2001,21,75.5,NA,78.5,100.5,33,26.5,193,NA,NA,NA,10,11.51,3.19
Michael Ignerski,2003,NA,81.5,,82.75,107,33,26.5,232,10.5,NA,NA,10,11.21,3.13
DeJuan Blair,2009,37,77.25,78.5,86,106.5,33,26,276.6,12,NA,NA,18,11.5,3.45
Travis Robinson,2002,NA,77.25,,82.5,104.5,33,26,211,NA,NA,NA,3,11.96,3.43
Troy Brown,2018,NA,77.75,78.75,82.25,105,33,26,208,7.05,9,9.75,5,11.51,3.33
Brian Brown,2002,NA,74.5,,79,99,33,26,194,NA,NA,NA,8,11.43,3.29
Thomas Bryant,2017,42,81.5,82.75,90,112.5,33,25.5,247.8,9.4,9.5,10.25,7,11.42,3.37
Aaron Holiday,2018,23,71.75,72.75,79.5,97,33,25.5,187,6.4,8.75,8.5,NA,10.96,3.27
Billy Preston,2018,NA,80.75,82.5,86,108,33,25,222.4,5.45,9.25,9.5,0,11.26,3.2
Donnell Harvey,2000,22,79.25,NA,84.5,105.5,32.5,33,220,NA,NA,NA,15,11.23,NA
Deji Akindele,2005,NA,81.5,83,87,108.5,32.5,30.5,236.4,NA,NA,NA,13,12.58,3.35
David Lee,2005,30,79.75,81,84,106.5,32.5,30.5,229.5,NA,NA,NA,14,10.8,3.19
James Augustine,2006,41,80.25,81.75,84.25,104,32.5,30,227,5.5,NA,NA,13,10.54,3.25
Ike Anigbogu,2017,47,80.5,81.75,90.25,110.5,32.5,29.5,252.2,5.4,9.5,10,11,12.52,3.44
Jarvis Varnado,2010,41,80.25,82,87.5,109.5,32.5,29.5,210.2,9.5,9.25,9.5,3,11.61,3.37
Terrance Roberson,2000,NA,77.5,,80,103.5,32.5,29,209,NA,NA,NA,11,11.66,NA
Antywane Robinson,2006,NA,78.25,79.5,86.5,105.5,32.5,29,217,6.9,NA,NA,12,11.73,3.4
Andre Hutson,2001,51,80.25,NA,83.75,105.5,32.5,29,244,11.7,NA,NA,17,11.25,3.3
Taurean Green,2007,52,71,72.75,74.25,96,32.5,29,173,4.6,NA,NA,8,11.3,3.26
Byron Mullens,2009,24,83.75,85.25,85.5,111,32.5,28.5,258.2,8.5,NA,NA,10,11.1,3.45
Demetris Nichols,2007,53,78,79.5,84.25,105,32.5,28.5,211,6.2,NA,NA,16,10.39,3.38
Ivan Rabb,2017,35,80.75,82,85.5,109,32.5,28.5,219.6,6.8,8.75,9,3,12.68,3.35
Paul Millsap,2006,47,78.25,79.25,85.5,105.5,32.5,28.5,258,9.7,NA,NA,15,11.67,3.3
Rashad Wright,2004,59,72.5,73.75,82,98.5,32.5,28.5,190,8,NA,NA,10,11.15,3.28
James Moore,2004,NA,78.5,80,84.5,107,32.5,28.5,198,8,NA,NA,NA,11.01,3.21
Lonny Baxter,2002,43,78.25,NA,85.5,107.5,32.5,28,264,NA,NA,NA,14,11.77,3.21
Toney Douglas,2009,29,73,74,78,97.5,32.5,28,183.4,5.2,NA,NA,15,10.63,3.03
Rashad Anderson,2006,NA,75.25,76.5,79,100,32.5,27.5,224,17.3,NA,NA,13,11.77,3.48
Misan Nikagbatse,2004,NA,75.5,76.75,82,102,32.5,27.5,223,12.9,NA,NA,11,11.27,3.32
Lee Benson,2002,NA,80.25,,85.75,109,32.5,27.5,217,NA,NA,NA,14,11.44,3.29
Kelvin Pena,2004,NA,74.25,75.25,78.5,99.5,32.5,27.5,182,8.6,NA,NA,1,11.5,3.24
Curtis Sumpter,2007,NA,78,79.75,81.5,104,32.5,27.5,227,5.3,NA,NA,12,11.3,3.22
Aaron Gray,2007,49,84,85.75,87.25,108.5,32.5,27,271,10.8,NA,NA,17,12.07,3.7
Shaun Pruitt,2008,NA,80.25,81,85,107.5,32.5,27,242.2,13.8,NA,NA,10,11.3,3.4
Harry Giles,2017,NA,81.25,82.5,87.25,109.5,32.5,27,232,5.2,9.5,10.75,5,11.08,3.34
JaVale McGee,2008,18,83,84,90,114.5,32.5,27,241,5.3,NA,NA,7,12.75,3.25
Tito Maddox,2002,37,75,NA,77,99,32.5,27,200,NA,NA,NA,0,12.2,3.24
Martin Iti,2004,NA,80.5,81.75,89,111.5,32.5,26.5,233,10.5,NA,NA,13,12.28,3.41
Darko Milicic,2003,2,83.5,NA,89,111.5,32.5,26.5,250,8,NA,NA,13,11.3,3.36
Britton Johnsen,2003,NA,82,,82.75,107.5,32.5,26.5,212,7.3,NA,NA,13,10.67,3.08
Dominique Jones,2010,25,75.25,77,81.25,101,32.5,26,216,5.9,9,10.25,19,10.88,3.31
Derrick Walton Jr.,2017,NA,71,72.75,74.5,95,32.5,26,188.6,5.8,8,8.5,9,11.28,3.29
Luke Ridnour,2003,14,73,NA,75,95.5,32.5,26,167,5.3,NA,NA,0,11,3.28
Enes Kanter,2011,3,81.75,83.25,85.5,109.5,32.5,26,259.2,5.9,9.5,10.75,14,11.3,3.26
Jamison Brewer,2001,40,74.5,NA,80.75,102.5,32.5,26,178,6.7,NA,NA,12,9.65,3.15
Joel Cornette,2003,NA,80.25,,81.25,105.5,32.5,26,239,12.9,NA,NA,13,11.27,3.14
Moritz Wagner,2017,NA,82,83.25,84,108,32.5,25.5,231.2,6.7,8.75,10.75,NA,12,3.35
Omri Casspi,2009,23,79.75,81.25,81.25,106.5,32.5,25.5,211.2,8.6,NA,NA,2,11.15,3.28
Will McDonald,2003,NA,81.5,,87.5,109.5,32.5,25,258,13.6,NA,NA,17,11.83,3.42
Renaldas Seibutis,2007,50,76,77.75,80.75,101,32.5,24,185,6.1,NA,NA,1,11.33,3.39
Erik Daniels,2004,NA,78.25,79.5,83,106,32,31,223,18.5,NA,NA,4,11.38,3.19
DeVon Hardin,2008,50,81.5,82.75,87,109.5,32,29.5,235,5.8,NA,NA,20,11.49,3.33
Trevor Harvey,2003,NA,81.5,,85,109.5,32,29.5,245,10.5,NA,NA,11,11.85,3.32
Trevor Ariza,2004,43,79,80.25,86,107.5,32,29.5,201,8,NA,NA,8,11.63,3.29
Jason Jennings,2002,42,83.25,NA,91,111,32,29,249,NA,NA,NA,8,11.92,3.62
Benjamin Eze,2001,NA,80.75,,90,109,32,29,232,3.9,NA,NA,14,13.05,3.36
Sasha Kaun,2008,56,81,82.75,88,110,32,29,247,9.6,NA,NA,13,12.06,3.2
Luis Flores,2004,55,72.5,73.75,79.5,98.5,32,29,202,6,NA,NA,15,10.97,3.1
Theron Smith,2003,NA,78.5,,82.25,104.5,32,28.5,234,9.3,NA,NA,25,10.99,3.1
Jared Dudley,2007,22,77,79.25,79,102,32,28,219,7.1,NA,NA,14,11.32,3.45
Marlon Parmer,2003,NA,72.75,,75.5,97,32,28,184,9.3,NA,NA,13,NA,3.42
Rashaun Freeman,2007,NA,78,80,83.5,104,32,28,244,11.5,NA,NA,20,11.43,3.41
Sylven Landesberg,2010,NA,76.75,78.25,81,100.5,32,28,210,11.6,8.75,10.75,8,11.59,3.36
Alex Acker,2005,60,75.75,76.75,84,102.5,32,28,183,NA,NA,NA,11,11.67,3.35
Marco Killingsworth,2006,NA,77.5,78.75,87,104,32,28,266,19,NA,NA,13,11.42,3.34
Josh Duncan,2008,NA,80,81,83.5,104.5,32,28,230,5.4,NA,NA,26,12.47,3.26
Anthony Grundy,2002,NA,72.75,,79.75,99,32,27.5,167,NA,NA,NA,0,11.1,3.39
Kevin Hervey,2018,57,78.5,79.75,87.5,107,32,27.5,211.6,5.15,9.25,10.25,4,11.28,3.36
Khalid El-Amin,2000,34,69,NA,73.5,93,32,27.5,200,NA,NA,NA,6,10.59,3.32
Brandon McCoy,2018,NA,83.5,84.5,86,110.5,32,27.5,250.4,8.7,9.75,9.5,9,11.77,3.23
Avis Wyatt,2007,NA,80.75,81.5,85,107,32,27.5,212,3.3,NA,NA,12,11.46,3.23
Gerry McNamara,2006,NA,71.75,72.5,72.75,92.5,32,27,177,12.8,NA,NA,3,11.28,3.4
Davon Jefferson,2008,NA,77.25,78.5,81.5,105,32,27,213,12,NA,NA,2,12.02,3.36
Matt Bonner,2003,45,80.5,NA,80.75,105.5,32,27,242,13.6,NA,NA,20,11.52,3.32
Rashad Phillips,2001,NA,69,,73.5,92,32,27,166,12.4,NA,NA,5,11.93,3.27
Jerome Beasley,2003,33,81,NA,84.5,107,32,27,237,9.9,NA,NA,10,11.36,3.25
Torin Francis,2006,NA,81,82,85,105.5,32,26.5,247,12.4,NA,NA,9,11.97,3.51
Ivan McFarlin,2005,NA,77.5,78.75,81,105.5,32,26.5,228.6,NA,NA,NA,10,10.64,3.27
Jacob Jaacks,2000,NA,81.25,,83,105.5,32,26,238,NA,NA,NA,3,11.48,3.58
Ray Spalding,2018,56,81,82.25,88.75,109,32,26,215.4,5.55,9.25,9,12,11.48,3.34
Jobey Thomas,2002,NA,74.75,,77.75,99.5,32,26,183,NA,NA,NA,13,11.46,3.3
Drew Neitzel,2008,NA,71.75,72.75,74.5,95,32,25.5,175.5,6.2,NA,NA,10,11.19,3.2
Kawhi Leonard,2011,15,78,79,87,106,32,25.5,227.4,5.4,9.75,11.25,3,11.45,3.15
Jordan Hamilton,2011,26,78.75,80.5,81.5,104,32,25,228.4,9.8,9,9.25,7,11.47,3.3
James Lang,2003,48,80.25,NA,90.25,110,32,24.5,316,21.4,NA,NA,8,14.01,3.55
Melo Trimble,2017,NA,73.25,74.5,74,95.5,32,24.5,195.2,10.6,8,8.75,6,10.75,3.27
Darius Morris,2011,41,75.25,77.25,79.5,102,32,24.5,190,5.3,8.75,10,12,11,3.2
Devin Ebanks,2010,43,79,80.25,84.25,107.5,32,23.5,207.8,7.9,8.25,9,6,11.69,3.44
Mikhail Torrance,2010,NA,76,77,79.5,103,32,23,208.8,7,8.75,9.5,8,11.43,3.17
Marko Tomas,2004,NA,78.5,79.75,79,103.5,31.5,32,198,9.3,NA,NA,NA,11.8,3.23
Udoka Azubuike,2018,NA,82,84.25,91,112.5,31.5,31,273.8,7.95,9.5,10,11,12.97,3.12
Lonnie Jones,2002,NA,82.25,,86.25,112,31.5,30.5,230,NA,NA,NA,15,11.8,3.33
Brad Newley,2007,54,77,78.5,80,102.5,31.5,29.5,201,8,NA,NA,3,11.77,3.29
Hilton Armstrong,2006,12,81.5,82.25,88,109,31.5,28.5,240,6.3,NA,NA,13,12.28,3.53
David West,2003,18,80.25,NA,88.25,108.25,31.5,28.5,226,8,NA,NA,11,12.18,3.43
Ron Slay,2003,NA,78,,82,103.5,31.5,28.5,236,16.3,NA,NA,10,12.01,3.43
Eric Maynor,2009,20,74.25,75.25,74.5,97,31.5,28.5,163.6,5.4,NA,NA,8,10.78,3.19
Pape Sow,2004,47,80.5,82,86,108.5,31.5,28,233,9.3,NA,NA,18,12.13,3.27
Curtis Stinson,2006,NA,73.75,74.75,77,97.5,31.5,28,208,6,NA,NA,17,10.95,3.27
Dwayne Jones,2005,NA,80.5,82,86.75,108.5,31.5,28,242.2,NA,NA,NA,15,11.87,3.25
Josh McRoberts,2007,37,80,82,85,106.5,31.5,27.5,240,13.7,NA,NA,12,11.7,3.47
Matt Haryasz,2006,NA,81.75,83,84.25,107.5,31.5,27.5,219,9.8,NA,NA,10,11.34,3.46
Luol Deng,2004,7,79,80,84.5,108.5,31.5,27.5,220,6.7,NA,NA,5,11.46,3.34
Francisco Garcia,2005,23,77.75,79,82.75,103,31.5,27.5,189.6,NA,NA,NA,5,10.63,3.33
Julian Sensley,2002,NA,79,,83.5,105.5,31.5,27.5,228,NA,NA,NA,8,11.85,3.32
Jeff Adrien,2009,NA,77.25,78.5,86,107.5,31.5,27.5,236.2,7.9,NA,NA,16,11.34,3.32
Damon Reed,2000,NA,80.5,,81.5,104.5,31.5,27.5,228,NA,NA,NA,4,11.21,3.31
Donte Greene,2008,28,80.25,81,82,108,31.5,27.5,221,7.6,NA,NA,2,11.21,3.2
Hassan Whiteside,2010,33,82.5,83.5,91,113,31.5,27,226.6,5.5,8.25,10.25,12,11.83,3.54
Sammy Mejia,2007,57,77,79,83,105,31.5,27,218,8.3,NA,NA,7,11.87,3.49
Markieff Morris,2011,13,79.75,81.25,82.75,106.5,31.5,27,240.8,10.2,8.5,8.25,11,NA,3.4
Chris Garnett,2004,NA,80.25,81.75,85,108,31.5,27,260,14.8,NA,NA,22,11.75,3.36
Kirk Haston,2001,16,80,NA,84.25,106,31.5,27,242,10.5,NA,NA,11,12.25,3.35
Gani Lawal,2010,46,79.5,81,84,107.5,31.5,27,233.4,6.3,8.5,10,20,11.61,3.24
Tre Simmons,2005,NA,76,77,79.5,102.5,31.5,27,194.2,NA,NA,NA,3,10.8,3.18
Yante Maten,2018,NA,79.25,80.5,84.5,107.5,31.5,27,246.2,8.1,9.25,10,18,11.35,3.17
Justin Jackson (UMD),2017,NA,77.75,79,87.25,107,31.5,26.5,219.4,7.1,9,9.5,NA,11.78,3.43
Monta Ellis,2005,40,74.25,75.25,74.75,98,31.5,26.5,176.6,NA,NA,NA,0,12.13,3.31
Justin Williams,2006,NA,79.25,80.75,85.5,109,31.5,26.5,211,6.5,NA,NA,7,11.9,3.31
Klay Thompson,2011,11,77.75,79.25,81,103.5,31.5,26.5,205.6,8,8.75,9.25,5,10.99,3.24
Omer Yurtseven,2017,NA,82.5,83.75,85,108.5,31.5,26,248.4,7.6,9,10.5,6,12.85,3.45
Tiago Splitter,2004,NA,82.25,83.75,86,109.5,31.5,26,233,5.3,NA,NA,8,11.65,3.38
Michael Sweetney,2003,9,79.25,NA,85,107.5,31.5,26,262,14.1,NA,NA,3,12.9,3.28
Kyle Korver,2003,51,78.25,NA,81.5,102.5,31.5,25.5,211,6.7,NA,NA,13,11.42,3.47
Marcus Douthit,2004,56,81.5,83,88,111.5,31.5,25.5,223,13.7,NA,NA,1,11.64,3.34
Lubos Barton,2002,NA,78.5,,84,107,31.5,25.5,221,NA,NA,NA,14,11.2,3.31
Chandler Parsons,2011,38,80.75,81.75,81.5,104.5,31.5,25.5,221.2,7,8.25,10,4,11.05,3.29
Sean Banks,2005,NA,77.75,79,85,108,31.5,25,206.4,NA,NA,NA,7,11.74,3.35
Tony Carr,2018,51,75,76.5,80.25,100,31.5,25,198.8,6.5,8.5,9.75,0,11.89,3.17
Russell Robinson,2008,NA,72.5,73.5,80,100.5,31.5,25,196,7.4,NA,NA,8,11.3,3.15
Blagota Sekulic,2004,NA,81.25,82.5,83,107,31.5,23.5,234,9.3,NA,NA,8,10.93,3.39
Willie Warren,2010,54,74.5,75.75,78,99.5,31.5,23,208.4,7.6,8.5,9.5,10,11.21,3.5
Shawne Williams,2006,17,79.25,80.75,87,104,31,32,227,8,NA,NA,NA,10.69,3.3
Matt Freije,2004,53,80.25,81.5,85,108.5,31,29.5,234,10.8,NA,NA,13,11.15,3.25
Takais Brown,2008,NA,79.25,80.5,82,106,31,29,252,9.2,NA,NA,22,12.47,3.25
Adam Allenspach,2001,NA,83.5,,84.5,107,31,28.5,259,12.4,NA,NA,16,11.9,3.4
Mouhamed Sene,2006,10,83,84,92.5,113,31,28.5,237,6.6,NA,NA,7,12.52,3.38
Eddy Curry,2001,4,82.5,NA,90.5,111,31,28,301,16.5,NA,NA,16,12.25,3.53
Ike Diogu,2005,9,78.5,80,87.5,109,31,28,255.4,NA,NA,NA,21,11.94,3.45
Chris Christoffersen,2002,NA,84.75,,87.5,109,31,28,291,NA,NA,NA,13,12.55,3.39
Channing Frye,2005,8,81.5,82.5,86.5,110.5,31,27.5,243.6,NA,NA,NA,19,11.6,3.38
Mario Bland,2000,NA,77.5,,84,103,31,27,287,NA,NA,NA,15,13.04,3.47
Michael Redd,2000,43,76.75,NA,81,102,31,27,214,NA,NA,NA,12,12.06,3.34
DeAndre Liggins,2011,53,77,78.25,83,103.5,31,27,202.2,5,8.75,10,6,NA,3.33
Caron Butler,2002,10,77.25,NA,83.5,103.5,31,27,222,NA,NA,NA,2,12.15,3.33
Darnell Jackson,2008,52,79,79.75,83.25,106.5,31,27,240.5,12.5,NA,NA,11,11.75,3.26
TJ Cummings,2004,NA,79.5,80.75,81.5,106.5,31,27,215,6.7,NA,NA,6,11.58,3.12
Darryl Watkins,2007,NA,80.75,82.25,87,110,31,26.5,241,6.9,NA,NA,14,11.65,3.56
Peter Jok,2017,NA,76.25,77.75,80,102,31,26.5,202.4,11,8.25,9.5,NA,11.34,3.41
Bootsy Thornton,2000,NA,75.5,,78.5,101.5,31,26.5,194.5,NA,NA,NA,7,12.08,3.33
Ruben Boumtje-Boumtje,2001,49,83.5,NA,88,111,31,26.5,245,6,NA,NA,6,11.84,3.33
LaceDarius Dunn,2011,NA,75,76,78.25,101,31,26.5,187.8,5.5,9,10.25,3,11.45,3.27
Damien Wilkins,2004,NA,76.5,78,84,106,31,26.5,222,7.3,NA,NA,15,11.92,3.15
Pepe Sanchez,2000,NA,75,,75.5,96,31,26,194,NA,NA,NA,8,11.62,3.44
Carl Krauser,2005,NA,71.5,72.75,77.5,98.5,31,26,193.4,NA,NA,NA,8,11.62,3.38
Carl Krauser,2006,NA,71.75,72.75,78.25,97,31,26,190,8,NA,NA,8,11.62,3.38
Demetrius Porter,2001,NA,70.75,,74.75,94,31,26,178,12.4,NA,NA,5,11.5,3.34
Nate James,2001,NA,76.75,,82.75,103,31,26,196,6,NA,NA,23,11.42,3.31
Charlie Villanueva,2005,7,81,81.5,84.25,109,31,26,236.6,NA,NA,NA,11,10.86,3.3
Joe Ingles,2009,NA,79.75,80.25,82.25,105,31,26,209.2,10.1,NA,NA,3,10.66,3.3
Frank Williams,2002,25,73.5,NA,80,100.5,31,26,212,NA,NA,NA,NA,11.73,3.29
A.J. Price,2009,NA,72.5,74,75.75,97,31,26,192.8,12.4,NA,NA,11,10.99,3.22
Jontay Porter,2018,NA,82,83.5,84.25,109,31,25.5,236,13.85,8.75,9.5,9,11.9,3.4
Joseph Jones,2008,NA,79,80.5,84.25,107,31,25.5,240,12.2,NA,NA,16,11.61,3.33
Luke Recker,2002,NA,76.75,,79,101,31,25.5,198,NA,NA,NA,13,10.78,3.27
Alize Johnson,2018,50,79.25,80,80.75,103,31,25,216.6,8.1,8.5,9.75,8,11.83,3.38
Devon Hall,2018,53,76.25,78,79.75,102,31,25,206.4,8.45,8.5,10,6,10.95,3.27
Chris Burgess,2002,NA,82,,83.5,109,31,24.5,246,NA,NA,NA,24,11.58,3.37
Steve Novak,2006,32,80,81.25,81.5,103,31,24.5,216,8.1,NA,NA,5,11.11,3.37
Travis Diener,2005,38,71.75,73,71.75,93.5,31,24.5,165.2,NA,NA,NA,1,10.85,3.26
Desmon Farmer,2004,NA,76.5,77.75,80.5,103,31,24,214,5.3,NA,NA,12,10.89,3.2
Jamel Artis,2017,NA,77.5,78.75,82,105,31,23.5,213.2,11.9,9.25,9.75,5,11.62,3.44
Souleymane Wane,2001,NA,80.5,,89,109,30.5,29,235,11.2,NA,NA,9,12.02,3.46
Kenny Adeleke,2006,NA,78.5,79.75,82.25,104,30.5,28.5,250,10.5,NA,NA,26,11.57,3.47
Kennedy Meeks,2017,NA,80.75,82.25,85,106,30.5,28,276.6,11.5,8.75,8.75,15,12.91,3.5
D'Or Fischer,2005,NA,81.25,82.5,90,110.5,30.5,28,242.4,NA,NA,NA,2,12.53,3.5
Jameel Watkins,2000,NA,81.5,,90,110,30.5,28,244.5,NA,NA,NA,11,12.38,3.45
Martell Webster,2005,6,78,79.5,83,106,30.5,28,229.6,NA,NA,NA,7,11.39,3.39
Brook Lopez,2008,10,83.25,84.5,89.5,113,30.5,27.5,258,6.3,NA,NA,7,12.77,3.57
Major Wingate,2007,NA,80.5,82.75,88,109,30.5,27.5,242,6.7,NA,NA,15,12.14,3.47
Trey Thompkins,2011,37,80.5,81.75,85,107.5,30.5,27.5,239,15.5,9.25,9.75,15,11.72,3.41
Mark Karcher,2000,48,76,NA,80,102.5,30.5,27.5,218,NA,NA,NA,12,11.51,3.4
Kevin Lyde,2002,NA,80.75,,86,109.5,30.5,27.5,278,NA,NA,NA,13,12.97,3.36
Brian Scalabrine,2001,34,80.75,NA,81.75,105.5,30.5,27,241,13.6,NA,NA,14,11.75,3.47
Sindarius Thornwell,2017,48,75.5,76.75,82,103,30.5,27,211.6,7.8,8.75,8.75,15,11.48,3.36
Wesley Wilson,2003,NA,82.25,,87,110.5,30.5,27,257,12.4,NA,NA,20,12.19,3.3
Mustafa Al-Sayyad,2005,NA,NA,NA,NA,NA,30.5,26.5,-,NA,NA,NA,NA,11.56,3.42
Chris Richard,2007,41,79,80.75,88.5,110.5,30.5,26.5,252,7.5,NA,NA,15,11.39,3.29
Alan Anderson,2005,NA,76.5,78,81.5,104,30.5,26.5,223.2,NA,NA,NA,10,10.32,3.27
Ryan Gomes,2004,NA,78.5,79.75,86,106.5,30.5,26.5,248,NA,NA,NA,9,12.49,3.24
Jamie Skeen,2011,NA,78.5,80,85.25,106.5,30.5,26,241.6,9.8,8.5,8.5,10,12.43,3.46
Justin Patton,2017,16,82,83.25,87,111.5,30.5,26,229,7.8,8.75,9.75,NA,11.8,3.46
Sani Ibrahim,2003,NA,80.5,,85,109.5,30.5,26,229,9.3,NA,NA,12,13.02,3.4
Rick Anderson,2003,NA,80.25,,83,106.5,30.5,26,216,9.9,NA,NA,6,11.23,3.4
J.P. Batista,2006,NA,79.5,80.5,82,103.5,30.5,26,265,12,NA,NA,26,11.62,3.38
DeAndre Jordan,2008,35,81.75,83,90,113.5,30.5,26,250,7.5,NA,NA,8,12.3,3.27
Brad Buckman,2006,NA,79.25,80.75,84,107.5,30.5,25.5,238,10.5,NA,NA,10,12.26,3.54
Adam Morrison,2006,3,78.5,79.75,82,105,30.5,25.5,198,6.8,NA,NA,11,11.46,3.37
Derrick Caracter,2010,58,80.25,81.5,84.25,107.5,30.5,25,280,12.8,9,10.25,22,12.78,3.61
Drago Pasalic,2005,NA,81.5,83,83.75,108.5,30.5,25,238.8,NA,NA,NA,11,12.12,3.48
Jordan Williams,2011,36,79.75,81,84.25,106.5,30.5,25,247.2,12.1,9.25,10,10,12.74,3.45
Ryvon Covile,2007,NA,79,80.5,85.25,107.5,30.5,25,250,8,NA,NA,19,12.52,3.37
Marcus Melvin,2004,NA,78.75,80.5,84,105.5,30.5,25,241,10.5,NA,NA,11,11.81,3.33
Daryl Dorsey,2005,NA,71.25,72.5,71.5,94,30.5,25,160.8,NA,NA,NA,0,11.41,3.24
Aerick Sanders,2004,NA,78.5,79.5,83.5,106,30.5,24.5,205,6.7,NA,NA,9,11.98,3.37
Charles Garcia,2010,NA,80.25,81.25,85.75,107.5,30.5,24.5,231.6,7,8.75,9,2,11.65,3.23
Marko Lekic,2007,NA,81,82.5,85,108.5,30.5,24,267,11.4,NA,NA,19,11.96,3.43
Daniel Orton,2010,29,80.75,81.5,88.25,110.5,30.5,24,269.2,13.8,8.5,9.75,13,12.32,3.39
Andy Rautins,2010,38,76.25,77,79,100,30.5,23.5,191.6,6.2,8,9.75,8,11.27,3.49
Chris Kaman,2003,6,83.5,NA,83.75,110.5,30.5,23.5,252,16.3,NA,NA,15,11.33,3.37
Kenyon Jones,2000,NA,81,,85,108,30,28.5,282,NA,NA,NA,20,12.44,3.6
Al Jefferson,2004,15,80.5,81.75,86.5,110,30,28.5,263,10.5,NA,NA,3,13.08,3.29
Anthony Tolliver,2007,NA,79,80.5,86.5,107.5,30,28.5,242,5.7,NA,NA,21,11.49,3.29
Darrell Arthur,2008,27,79.5,80.5,82.75,107,30,28.5,216,7.3,NA,NA,12,12.18,3.14
Brian Boddicker,2004,NA,79.5,80.75,82,105.5,30,28,230,11.2,NA,NA,16,10.93,3.25
Muhammed Lasege,2002,NA,80.75,,86,108.5,30,27.5,228,NA,NA,NA,18,12.96,3.29
Jermareo Davidson,2007,36,81,83,88,109.5,30,27,230,6.9,NA,NA,7,12.63,3.53
Robb Dryden,2001,NA,85,,86.5,110.25,30,27,241,8,NA,NA,8,12.47,3.46
Antonis Fotsis,2000,NA,81.25,,80.5,106,30,27,219,NA,NA,NA,2,11.6,3.44
Michael Bradley,2001,17,81.5,NA,85.5,107,30,27,227,9.3,NA,NA,13,11.11,3.35
Patrick O'Bryant,2006,9,83,84,89.75,113,30,26.5,249,10,NA,NA,13,12.68,3.63
Terence Dials,2006,NA,79.75,81,84,106,30,26.5,253,15.8,NA,NA,16,11.54,3.5
Shaun Livingston,2004,4,78.25,79.5,83,105.5,30,26.5,186,6.7,NA,NA,NA,10.72,3.23
Jared Jeffries,2002,11,82,NA,84.5,109,30,26,230,NA,NA,NA,9,11.73,3.4
Dylan Page,2004,NA,79.5,80.75,79,105,30,26,239,12.3,NA,NA,17,10.99,3.4
Marcelus Kemp,2008,NA,75,76.25,80.5,103.5,30,26,221,9,NA,NA,9,11.79,3.39
Craig Dawson,2002,NA,75.5,,78.25,102,30,26,200,NA,NA,NA,0,12.06,3.25
Kareem Rush,2002,20,76.75,NA,81.75,103.5,30,26,199,NA,NA,NA,15,11.86,3.22
Drago Pasalic,2004,NA,81.25,82.75,83.5,108,30,25.5,231,12.9,NA,NA,8,12.97,3.56
Antanas Kavaliauskas,2007,NA,81,82.5,82.5,106.5,30,25.5,237,7.7,NA,NA,19,11.19,3.42
Taj Gibson,2009,26,80.5,81.75,88,109,30,25.5,214.4,6.6,NA,NA,12,11.56,3.41
Marcus Moore,2004,NA,76,77.25,81,101.5,30,25,202,14.8,NA,NA,NA,11.31,3.34
Rashad Jones-Jennings,2007,NA,78,79.5,84,105.5,30,25,235,5.9,NA,NA,20,12.18,3.29
Jabari Smith,2000,45,81.75,NA,86.5,109.5,30,24.5,240.5,NA,NA,NA,15,12.45,3.43
Mike Mardesich,2001,NA,82.25,,84.5,108.5,30,24,247,13.6,NA,NA,8,11.65,3.45
Byron Mouton,2002,NA,76.5,,82.25,102,30,24,213,NA,NA,NA,7,11.84,3.1
Darrell Johns,2001,NA,83.25,,89,111.5,30,23.5,278,19.1,NA,NA,18,12.41,3.59
Jason Kapono,2003,31,78.5,NA,78.5,102,30,23.5,215,11.7,NA,NA,8,11.04,3.38
Kyle Singler,2011,33,79.5,80.5,82.1,106,30,23,228,10,8.25,8.75,10,11.22,3.21
Ersan Ilyasova,2005,36,79.75,81,85.25,109.5,30,22,208.8,NA,NA,NA,2,11.59,3.56
Keith Langford,2005,NA,74.25,75.5,81,101,29.5,32,203.2,NA,NA,NA,8,11.38,3.23
Craig Smith,2006,36,77.5,78.5,81.5,103.5,29.5,30,259,12.2,NA,NA,NA,11.59,3.4
Frans Steyn,2006,NA,85.25,86.5,86.25,109,29.5,28.5,280,12.8,NA,NA,NA,11.67,3.38
Sylvere Bryan,2002,NA,81,,88.5,109.5,29.5,28.5,226,NA,NA,NA,13,12.03,3.2
Lamont Barnes,2000,NA,80.5,,87.5,108,29.5,28,235.5,NA,NA,NA,10,12.3,3.4
Cartier Martin,2007,NA,76,78.5,82,103.5,29.5,27,218,5.6,NA,NA,11,12.1,3.43
Troy Ostler,2001,NA,80.75,,85.5,106.5,29.5,26.5,200,8,NA,NA,2,13.42,3.5
Antoine Wright,2005,15,77.25,78.25,80.75,104.5,29.5,26.5,202.6,NA,NA,NA,12,11.45,3.41
Primoz Brezec,2000,27,84.75,NA,86,110,29.5,26,243,NA,NA,NA,NA,11.53,3.55
Robert Vaden,2008,NA,75.5,76.5,80,101,29.5,26,199,6.2,NA,NA,10,11.97,3.4
Brooks Sales,2002,NA,81,,82,108,29.5,26,232,NA,NA,NA,13,11.05,3.29
David Graves,2002,NA,76.5,,79,101,29.5,26,212,NA,NA,NA,8,11.2,3.27
Reggie Evans,2002,NA,79.5,,86.5,107.5,29.5,26,250,NA,NA,NA,15,12.73,3.26
Jaime Lloreda,2004,NA,78.75,80.5,81.5,107,29.5,25.5,247,9.9,NA,NA,6,12.93,3.23
Jannero Pargo,2002,NA,72.25,,74.5,96,29.5,25.5,168,NA,NA,NA,5,11.11,3.2
Omar Thomas,2005,NA,75.25,76.5,80,102,29.5,25,200,NA,NA,NA,6,11.11,3.27
Ronald Steele,2008,NA,72.25,73.5,76.25,97.5,29.5,25,183.5,8.1,NA,NA,5,11.08,3.26
Darius Songaila,2002,49,80,NA,85,108.5,29.5,24.5,240,NA,NA,NA,8,11.69,3.52
Ramel Bradley,2008,NA,73.25,74.25,77,98,29.5,24.5,184,5.7,NA,NA,9,10.68,3.24
Lee Scruggs,2001,NA,82.25,,89.75,110.5,29.5,23.5,209,10.5,NA,NA,0,13.28,3.55
Harold Arceneaux,2000,NA,76.5,,80.5,103,29,NA,219,NA,NA,NA,0,13.8,NA
Eric Williams,2006,NA,79.25,80.75,88.25,106.5,29,28.5,285,13,NA,NA,17,11.71,3.56
Preston Shumpert,2002,NA,78,,80.5,103.5,29,28.5,197,NA,NA,NA,9,11.03,3.24
Kris Lang,2002,NA,81.25,,83.75,109,29,28,242,NA,NA,NA,19,11.36,3.24
Uche Nsonwu-Amadi,2003,NA,79.75,,87.75,106.5,29,27.5,246,6,NA,NA,21,11.83,3.25
Jarrett Stephens,2000,NA,77.25,,81.25,103,29,27,258,NA,NA,NA,13,11.98,3.46
Spencer Hawes,2007,10,82,84.75,84.5,110,29,26,244,13,NA,NA,9,11.88,3.51
Kyle Visser,2007,NA,82,83.5,83,108,29,26,242,10.2,NA,NA,18,12.6,3.39
Melvin Ely,2002,12,81,NA,88,111,29,26,240,NA,NA,NA,7,11.96,3.35
Matthew Nielsen,2000,NA,81,,82.5,106,29,26,223,NA,NA,NA,3,11.28,3.35
Malik Allen,2000,NA,80.25,,86.5,109,29,25.5,271,NA,NA,NA,13,11.83,3.38
Brian Montonati,2000,NA,80.75,,82.5,106,29,25,215,NA,NA,NA,5,11.85,3.53
Ali Traore,2007,NA,80.75,81.75,88,108.5,29,25,249,12.1,NA,NA,11,12.16,3.52
Brian Cook,2003,24,81.5,NA,86,109,29,25,234,10.5,NA,NA,6,11.87,3.45
Greg Monroe,2010,7,81.75,83,86.25,108.5,29,25,246.6,11.2,8.75,9.5,15,12.1,3.35
Omar Quintero,2004,NA,69.75,71.25,71.5,92.5,29,25,170,14.1,NA,NA,2,11.37,3.25
Mike Dunleavy,2002,3,80,NA,81,106,29,24.5,230,NA,NA,NA,11,11.55,3.3
Julius Hodge,2005,20,78,79,84.5,107.5,29,24.5,202.2,NA,NA,NA,14,10.89,3.18
Jarron Collins,2001,52,81.25,NA,87,104,29,23,252,15.2,NA,NA,10,11.65,3.6
Brent Wright,2001,NA,79.75,,85.5,105.5,29,23,236,12.4,NA,NA,19,12.25,3.3
Aleksandar Capin,2004,NA,72,73.25,73.5,94,29,23,176,9.3,NA,NA,4,11.5,3.27
Ales Chan,2004,NA,84,86,87,113,29,21,255,14.8,NA,NA,2,12.9,3.62
Willie Green,2003,41,74.5,NA,79.25,100,28.5,28.5,201,8,NA,NA,13,11.86,3.19
Brendan Haywood,2001,20,83.75,NA,90.5,113.5,28.5,27,266,12.9,NA,NA,17,12.87,3.5
Arthur Johnson,2004,NA,79,80.5,87,109,28.5,26.5,262,16.3,NA,NA,14,11.81,3.38
Carlos Boozer,2002,34,79.75,NA,86.25,108.5,28.5,26.5,258,NA,NA,NA,13,10.77,3.31
Aaron McGhee,2002,NA,79,,82,105.5,28.5,26,255,NA,NA,NA,NA,12.24,NA
Chris Daniels,2008,NA,80.25,81.5,84.5,109,28.5,26,256,16.1,NA,NA,11,12.72,3.56
Ellis Myles,2005,NA,78,79.25,81.75,105.5,28.5,26,255.2,NA,NA,NA,15,12.8,3.42
Ivan Koljevic,2004,NA,73,74,74.5,95,28.5,26,172,6.7,NA,NA,4,11.07,3.28
Jarrett Jack,2005,22,74.5,75.5,79.5,100,28.5,26,197.6,NA,NA,NA,5,10.87,3.24
Jason Collins,2001,18,82.25,NA,88.5,110,28.5,25.5,251,12.9,NA,NA,8,12.1,3.54
Tate Decker,2001,NA,81.25,,83.75,107,28.5,25.5,218,13.6,NA,NA,13,12.19,3.47
Ryan Richards,2010,49,82.5,83.75,85.5,110,28.5,25,230.2,8,9,9.75,4,11.33,3.37
Rich Melzer,2004,NA,79.5,80.75,86,107,28.5,24.5,229,12.4,NA,NA,8,11.74,3.39
Jared Jordan,2007,45,72,73.75,72,94,28.5,24.5,183,7,NA,NA,6,11.02,3.39
Luke Harangody,2010,52,78,79.75,81.5,106,28.5,24,240.2,11.1,8.75,9.75,23,11.83,3.41
Keith Gallon,2010,NA,80.5,81.5,88.5,109.5,28.5,23.5,301.8,15.1,9.25,10.5,14,13.44,3.7
Predrag Savovic,2002,NA,76.75,,79,102,28.5,22.5,212,NA,NA,NA,13,10.94,3.38
Vassil Evtimov,2000,NA,81.75,,82.5,106.5,28.5,21,262,NA,NA,NA,13,11.75,3.52
Smush Parker,2002,NA,74.5,,82,107.5,28.5,21,179,NA,NA,NA,1,12.3,3.26
Richard Hendrix,2008,49,78.75,80.75,87,108,28,26.5,250,9.2,NA,NA,13,10.62,3.27
Craig Bradshaw,2007,NA,80,81.75,85.5,106.5,28,26,240,12.1,NA,NA,12,11.88,3.54
Larry Sanders,2010,15,81.25,82.5,89.75,112,28,25.5,222.4,4.6,9.75,11,7,12.49,3.27
Austin Daye,2009,15,81.75,82.75,86.75,110,28,25,191.8,5.5,NA,NA,0,12.11,3.55
Loren Woods,2001,45,84.75,NA,89.5,113,28,24.5,246,9.3,NA,NA,10,11.83,3.48
Marcus Williams,2006,22,74,75.25,79,97.5,28,24.5,215,12.4,NA,NA,4,11.3,3.4
Karim Shabazz,2000,NA,83.5,,87,111.5,28,24.5,224,NA,NA,NA,2,12.72,3.36
David Padgett,2008,NA,82.25,83.5,85,109.5,28,24,239.5,9,NA,NA,17,12.45,3.45
Ian Vouyoukas,2006,NA,80.5,81.5,84.75,108.5,28,23,267,14.8,NA,NA,8,13.7,3.72
Ivan Radenovic,2007,NA,81,82.75,83.75,106,28,23,226,9.8,NA,NA,7,11.61,3.6
Aleks Maric,2008,NA,81.75,82.75,85,109.5,28,23,273,10.1,NA,NA,15,11.76,3.35
Cole Aldrich,2010,11,81,83.25,88.75,111.5,28,23,236,8.5,9,9.25,10,11.48,3.35
Wayne Simien,2005,29,79.25,81,84,107,27.5,27,255.8,NA,NA,NA,11,11.05,3.35
Marvin Stone,2003,NA,81.5,,87.5,109.5,27.5,25.5,261,17.4,NA,NA,9,12.1,3.5
Ndongo N'diaye,2000,NA,83.5,,87.5,112.5,27.5,24.5,208,NA,NA,NA,4,13.16,3.69
Tony Bradley,2017,28,81.25,82.75,89,112.5,27.5,24.5,248.8,12,9.5,9.5,5,11.79,3.44
Kentrell Gransberry,2008,NA,78.75,79.75,82.25,106,27.5,24.5,290,17.4,NA,NA,18,12.16,3.32
Martynas Andriuskevicius,2005,44,85.25,87,83.25,112.5,27.5,24,227.8,NA,NA,NA,0,11.94,3.42
Robert Archibald,2002,31,82,NA,83.75,109.5,27.5,24,250,NA,NA,NA,10,11.34,3.33
Aleksander Djuric,2003,NA,82,,84,108,27.5,23.5,253,16.3,NA,NA,3,11.97,3.65
Eric Chenowith,2001,42,85,NA,88,111,27.5,23.5,264,12.9,NA,NA,6,12.5,3.59
DeMarcus Cousins,2010,5,81.5,82.75,89.75,113,27.5,23.5,291.8,16.4,9.25,10,NA,11.4,3.55
Mike Williams,2004,NA,77.5,78.5,83.5,105.5,27.5,23.5,197,9.3,NA,NA,NA,11.59,3.42
Keith Brumbaugh,2008,NA,79.5,80.75,79.25,104.5,27,26,190,4,NA,NA,2,11.65,3.28
Taylor Coppenrath,2005,NA,79.75,81.25,83.5,106.5,27,24.5,252.4,NA,NA,NA,5,11.51,3.44
Curtis Borchardt,2002,18,82.75,NA,86.5,112,27,24,238,NA,NA,NA,7,12.56,3.63
Jason Klotz,2005,NA,80.5,81.75,82,107.5,27,21.5,249.4,NA,NA,NA,12,13.13,3.68
Vladimir Golubovic,2008,NA,83.25,84.25,86.5,111.5,27,21.5,258,6.9,NA,NA,15,12.4,3.33
Artsiom Parakhouski,2010,NA,82.25,83.75,85,109.5,26.5,25.5,268.2,6,9,10.5,16,12.07,3.33
Peter Ramos,2004,NA,85.75,87.25,89.5,111.5,26.5,24,266,6.7,NA,NA,2,12.61,3.6
Brian Butch,2008,NA,81.5,83,83.25,108,26.5,24,229.6,10.8,NA,NA,9,11.87,3.52
Mario Boggan,2007,NA,77,79,86,107,26.5,24,240,9.2,NA,NA,12,12.18,3.45
Luke Schenscher,2005,NA,83.75,85.5,89,111.5,26.5,23.5,241.6,NA,NA,NA,1,12.4,3.47
Tom Timmerrmans,2004,NA,82.5,83.5,83,107.5,26.5,23,272,15.2,NA,NA,15,13.13,3.63
Sean Kennedy,2002,NA,72.75,,74.5,96,26.5,22.5,182,NA,NA,NA,0,11.64,3.28
Yemi Nicholson,2006,NA,79.75,81.5,88.25,107,26,26.5,258,17.2,NA,NA,8,12.57,3.65
Nate Williams,2004,NA,80.5,82,85.5,109.5,26,23.5,240,12.4,NA,NA,1,12.6,3.35
Robert Jackson,2003,NA,79.75,,84,107.5,26,23.5,254,15.9,NA,NA,15,11.26,3.25
Lazaros Papadopoulos,2001,NA,82.25,,86.5,110.5,26,23,227,11.7,NA,NA,4,12,3.7
Solomon Alabi,2010,50,83.5,84.75,89,113,26,22.5,237.4,5,9.25,9.25,10,13.2,3.68
Jared Reiner,2004,NA,82,83.75,84.5,109,26,22,246,12.9,NA,NA,15,12.65,3.56
Jiri Hubalek,2008,NA,81.5,83,82.75,109,26,20.5,226,8.8,NA,NA,2,12.26,3.54
Nick Sheppard,2000,NA,81.5,,83,107.5,25.5,23.5,273,NA,NA,NA,18,12.14,3.52
DeSagana Diop,2001,8,82,NA,90.5,113,25.5,21.5,314,21,NA,NA,15,12.37,3.56
Uche Okafor,2002,NA,81,,89.5,112,25,24.5,229,NA,NA,NA,10,14.45,3.34
Nikola Vucevic,2011,16,82.25,83.75,88.5,112.5,25,23.5,259.8,6.1,9.25,10.25,8,12.02,3.27
Jackie Butler,2004,NA,80,81.5,85.5,109,25,23,263,16.3,NA,NA,14,13.32,3.4
Pavel Podkolzin,2003,NA,87.5,,89.75,116,22.5,19.5,303,16.3,NA,NA,5,13.4,3.8
Mike Smith,2000,35,78.5,NA,80.5,103,21,33,198,NA,NA,NA,12,11.32,3.22